2567-3,86010001,นักเรียนจบทั้งหมด,7,9,16,6,8,14,0,1,1,0,0,0,0,0,0,1,0,1,0,0,0
2567-3,86010001,โรงเรียนเดิม,0,0,0,0,0,0,0,0,0,0,0,0,0,0,0,0,0,0,0,0,0
2567-3,86010001,โรงเรียนอื่น สังกัด สพฐ.,6,9,15,6,8,14,0,1,1,0,0,0,0,0,0,0,0,0,0,0,0
2567-3,86010001,โรงเรียนสังกัดเอกชน,0,0,0,0,0,0,0,0,0,0,0,0,0,0,0,0,0,0,0,0,0
2567-3,86010001,โรงเรียนพระปริยัติธรรม แผนกสามัญ,0,0,0,0,0,0,0,0,0,0,0,0,0,0,0,0,0,0,0,0,0
2567-3,86010001,กศน.,0,0,0,0,0,0,0,0,0,0,0,0,0,0,0,0,0,0,0,0,0
2567-3,86010001,อื่น ๆ,0,0,0,0,0,0,0,0,0,0,0,0,0,0,0,0,0,0,0,0,0
2567-3,86010001,โรงเรียนอื่น สังกัด อบท.,1,0,1,0,0,0,0,0,0,0,0,0,0,0,0,1,0,1,0,0,0
2567-3,86010001,ศึกษาต่อต่างประเทศ,0,0,0,0,0,0,0,0,0,0,0,0,0,0,0,0,0,0,0,0,0
2567-3,86010002,นักเรียนจบทั้งหมด,10,9,19,10,8,18,0,0,0,0,0,0,0,0,0,0,1,1,0,0,0
2567-3,86010002,โรงเรียนเดิม,10,7,17,10,7,17,0,0,0,0,0,0,0,0,0,0,0,0,0,0,0
2567-3,86010002,โรงเรียนอื่น สังกัด สพฐ.,0,1,1,0,0,0,0,0,0,0,0,0,0,0,0,0,1,1,0,0,0
2567-3,86010002,โรงเรียนสังกัดเอกชน,0,0,0,0,0,0,0,0,0,0,0,0,0,0,0,0,0,0,0,0,0
2567-3,86010002,โรงเรียนพระปริยัติธรรม แผนกสามัญ,0,0,0,0,0,0,0,0,0,0,0,0,0,0,0,0,0,0,0,0,0
2567-3,86010002,กศน.,0,0,0,0,0,0,0,0,0,0,0,0,0,0,0,0,0,0,0,0,0
2567-3,86010002,อื่น ๆ,0,1,1,0,1,1,0,0,0,0,0,0,0,0,0,0,0,0,0,0,0
2567-3,86010002,โรงเรียนอื่น สังกัด อบท.,0,0,0,0,0,0,0,0,0,0,0,0,0,0,0,0,0,0,0,0,0
2567-3,86010002,ศึกษาต่อต่างประเทศ,0,0,0,0,0,0,0,0,0,0,0,0,0,0,0,0,0,0,0,0,0
2567-3,86010004,นักเรียนจบทั้งหมด,4,0,4,4,0,4,0,0,0,0,0,0,0,0,0,0,0,0,0,0,0
2567-3,86010004,โรงเรียนเดิม,0,0,0,0,0,0,0,0,0,0,0,0,0,0,0,0,0,0,0,0,0
2567-3,86010004,โรงเรียนอื่น สังกัด สพฐ.,4,0,4,4,0,4,0,0,0,0,0,0,0,0,0,0,0,0,0,0,0
2567-3,86010004,โรงเรียนสังกัดเอกชน,0,0,0,0,0,0,0,0,0,0,0,0,0,0,0,0,0,0,0,0,0
2567-3,86010004,โรงเรียนพระปริยัติธรรม แผนกสามัญ,0,0,0,0,0,0,0,0,0,0,0,0,0,0,0,0,0,0,0,0,0
2567-3,86010004,กศน.,0,0,0,0,0,0,0,0,0,0,0,0,0,0,0,0,0,0,0,0,0
2567-3,86010004,อื่น ๆ,0,0,0,0,0,0,0,0,0,0,0,0,0,0,0,0,0,0,0,0,0
2567-3,86010004,โรงเรียนอื่น สังกัด อบท.,0,0,0,0,0,0,0,0,0,0,0,0,0,0,0,0,0,0,0,0,0
2567-3,86010004,ศึกษาต่อต่างประเทศ,0,0,0,0,0,0,0,0,0,0,0,0,0,0,0,0,0,0,0,0,0
2567-3,86010006,นักเรียนจบทั้งหมด,10,6,16,8,4,12,0,0,0,1,1,2,0,0,0,1,1,2,0,0,0
2567-3,86010006,โรงเรียนเดิม,8,4,12,8,4,12,0,0,0,0,0,0,0,0,0,0,0,0,0,0,0
2567-3,86010006,โรงเรียนอื่น สังกัด สพฐ.,1,1,2,0,0,0,0,0,0,0,0,0,0,0,0,1,1,2,0,0,0
2567-3,86010006,โรงเรียนสังกัดเอกชน,0,0,0,0,0,0,0,0,0,0,0,0,0,0,0,0,0,0,0,0,0
2567-3,86010006,โรงเรียนพระปริยัติธรรม แผนกสามัญ,0,0,0,0,0,0,0,0,0,0,0,0,0,0,0,0,0,0,0,0,0
2567-3,86010006,กศน.,0,0,0,0,0,0,0,0,0,0,0,0,0,0,0,0,0,0,0,0,0
2567-3,86010006,อื่น ๆ,1,1,2,0,0,0,0,0,0,1,1,2,0,0,0,0,0,0,0,0,0
2567-3,86010006,โรงเรียนอื่น สังกัด อบท.,0,0,0,0,0,0,0,0,0,0,0,0,0,0,0,0,0,0,0,0,0
2567-3,86010006,ศึกษาต่อต่างประเทศ,0,0,0,0,0,0,0,0,0,0,0,0,0,0,0,0,0,0,0,0,0
2567-3,86010008,นักเรียนจบทั้งหมด,127,139,266,7,6,13,83,108,191,1,6,7,0,1,1,36,18,54,0,0,0
2567-3,86010008,โรงเรียนเดิม,0,0,0,0,0,0,0,0,0,0,0,0,0,0,0,0,0,0,0,0,0
2567-3,86010008,โรงเรียนอื่น สังกัด สพฐ.,92,120,212,7,6,13,83,108,191,1,6,7,0,0,0,1,0,1,0,0,0
2567-3,86010008,โรงเรียนสังกัดเอกชน,13,11,24,0,0,0,0,0,0,0,0,0,0,0,0,13,11,24,0,0,0
2567-3,86010008,โรงเรียนพระปริยัติธรรม แผนกสามัญ,0,0,0,0,0,0,0,0,0,0,0,0,0,0,0,0,0,0,0,0,0
2567-3,86010008,กศน.,0,0,0,0,0,0,0,0,0,0,0,0,0,0,0,0,0,0,0,0,0
2567-3,86010008,อื่น ๆ,0,1,1,0,0,0,0,0,0,0,0,0,0,1,1,0,0,0,0,0,0
2567-3,86010008,โรงเรียนอื่น สังกัด อบท.,22,7,29,0,0,0,0,0,0,0,0,0,0,0,0,22,7,29,0,0,0
2567-3,86010008,ศึกษาต่อต่างประเทศ,0,0,0,0,0,0,0,0,0,0,0,0,0,0,0,0,0,0,0,0,0
2567-3,86010009,นักเรียนจบทั้งหมด,13,9,22,10,7,17,3,1,4,0,0,0,0,0,0,0,1,1,0,0,0
2567-3,86010009,โรงเรียนเดิม,10,7,17,10,7,17,0,0,0,0,0,0,0,0,0,0,0,0,0,0,0
2567-3,86010009,โรงเรียนอื่น สังกัด สพฐ.,3,1,4,0,0,0,3,1,4,0,0,0,0,0,0,0,0,0,0,0,0
2567-3,86010009,โรงเรียนสังกัดเอกชน,0,1,1,0,0,0,0,0,0,0,0,0,0,0,0,0,1,1,0,0,0
2567-3,86010009,โรงเรียนพระปริยัติธรรม แผนกสามัญ,0,0,0,0,0,0,0,0,0,0,0,0,0,0,0,0,0,0,0,0,0
2567-3,86010009,กศน.,0,0,0,0,0,0,0,0,0,0,0,0,0,0,0,0,0,0,0,0,0
2567-3,86010009,อื่น ๆ,0,0,0,0,0,0,0,0,0,0,0,0,0,0,0,0,0,0,0,0,0
2567-3,86010009,โรงเรียนอื่น สังกัด อบท.,0,0,0,0,0,0,0,0,0,0,0,0,0,0,0,0,0,0,0,0,0
2567-3,86010009,ศึกษาต่อต่างประเทศ,0,0,0,0,0,0,0,0,0,0,0,0,0,0,0,0,0,0,0,0,0
2567-3,86010010,นักเรียนจบทั้งหมด,28,24,52,25,19,44,3,3,6,0,1,1,0,0,0,0,1,1,0,0,0
2567-3,86010010,โรงเรียนเดิม,25,19,44,25,19,44,0,0,0,0,0,0,0,0,0,0,0,0,0,0,0
2567-3,86010010,โรงเรียนอื่น สังกัด สพฐ.,1,4,5,0,0,0,1,2,3,0,1,1,0,0,0,0,1,1,0,0,0
2567-3,86010010,โรงเรียนสังกัดเอกชน,0,0,0,0,0,0,0,0,0,0,0,0,0,0,0,0,0,0,0,0,0
2567-3,86010010,โรงเรียนพระปริยัติธรรม แผนกสามัญ,0,0,0,0,0,0,0,0,0,0,0,0,0,0,0,0,0,0,0,0,0
2567-3,86010010,กศน.,0,0,0,0,0,0,0,0,0,0,0,0,0,0,0,0,0,0,0,0,0
2567-3,86010010,อื่น ๆ,0,0,0,0,0,0,0,0,0,0,0,0,0,0,0,0,0,0,0,0,0
2567-3,86010010,โรงเรียนอื่น สังกัด อบท.,2,1,3,0,0,0,2,1,3,0,0,0,0,0,0,0,0,0,0,0,0
2567-3,86010010,ศึกษาต่อต่างประเทศ,0,0,0,0,0,0,0,0,0,0,0,0,0,0,0,0,0,0,0,0,0
2567-3,86010011,นักเรียนจบทั้งหมด,6,4,10,1,3,4,0,0,0,0,0,0,0,0,0,5,1,6,0,0,0
2567-3,86010011,โรงเรียนเดิม,0,0,0,0,0,0,0,0,0,0,0,0,0,0,0,0,0,0,0,0,0
2567-3,86010011,โรงเรียนอื่น สังกัด สพฐ.,4,4,8,1,3,4,0,0,0,0,0,0,0,0,0,3,1,4,0,0,0
2567-3,86010011,โรงเรียนสังกัดเอกชน,0,0,0,0,0,0,0,0,0,0,0,0,0,0,0,0,0,0,0,0,0
2567-3,86010011,โรงเรียนพระปริยัติธรรม แผนกสามัญ,0,0,0,0,0,0,0,0,0,0,0,0,0,0,0,0,0,0,0,0,0
2567-3,86010011,กศน.,0,0,0,0,0,0,0,0,0,0,0,0,0,0,0,0,0,0,0,0,0
2567-3,86010011,อื่น ๆ,0,0,0,0,0,0,0,0,0,0,0,0,0,0,0,0,0,0,0,0,0
2567-3,86010011,โรงเรียนอื่น สังกัด อบท.,2,0,2,0,0,0,0,0,0,0,0,0,0,0,0,2,0,2,0,0,0
2567-3,86010011,ศึกษาต่อต่างประเทศ,0,0,0,0,0,0,0,0,0,0,0,0,0,0,0,0,0,0,0,0,0
2567-3,86010013,นักเรียนจบทั้งหมด,8,10,18,5,4,9,3,6,9,0,0,0,0,0,0,0,0,0,0,0,0
2567-3,86010013,โรงเรียนเดิม,0,0,0,0,0,0,0,0,0,0,0,0,0,0,0,0,0,0,0,0,0
2567-3,86010013,โรงเรียนอื่น สังกัด สพฐ.,0,0,0,0,0,0,0,0,0,0,0,0,0,0,0,0,0,0,0,0,0
2567-3,86010013,โรงเรียนสังกัดเอกชน,0,0,0,0,0,0,0,0,0,0,0,0,0,0,0,0,0,0,0,0,0
2567-3,86010013,โรงเรียนพระปริยัติธรรม แผนกสามัญ,0,0,0,0,0,0,0,0,0,0,0,0,0,0,0,0,0,0,0,0,0
2567-3,86010013,กศน.,1,0,1,0,0,0,1,0,1,0,0,0,0,0,0,0,0,0,0,0,0
2567-3,86010013,อื่น ๆ,7,10,17,5,4,9,2,6,8,0,0,0,0,0,0,0,0,0,0,0,0
2567-3,86010013,โรงเรียนอื่น สังกัด อบท.,0,0,0,0,0,0,0,0,0,0,0,0,0,0,0,0,0,0,0,0,0
2567-3,86010013,ศึกษาต่อต่างประเทศ,0,0,0,0,0,0,0,0,0,0,0,0,0,0,0,0,0,0,0,0,0
2567-3,86010014,นักเรียนจบทั้งหมด,3,0,3,3,0,3,0,0,0,0,0,0,0,0,0,0,0,0,0,0,0
2567-3,86010014,โรงเรียนเดิม,0,0,0,0,0,0,0,0,0,0,0,0,0,0,0,0,0,0,0,0,0
2567-3,86010014,โรงเรียนอื่น สังกัด สพฐ.,3,0,3,3,0,3,0,0,0,0,0,0,0,0,0,0,0,0,0,0,0
2567-3,86010014,โรงเรียนสังกัดเอกชน,0,0,0,0,0,0,0,0,0,0,0,0,0,0,0,0,0,0,0,0,0
2567-3,86010014,โรงเรียนพระปริยัติธรรม แผนกสามัญ,0,0,0,0,0,0,0,0,0,0,0,0,0,0,0,0,0,0,0,0,0
2567-3,86010014,กศน.,0,0,0,0,0,0,0,0,0,0,0,0,0,0,0,0,0,0,0,0,0
2567-3,86010014,อื่น ๆ,0,0,0,0,0,0,0,0,0,0,0,0,0,0,0,0,0,0,0,0,0
2567-3,86010014,โรงเรียนอื่น สังกัด อบท.,0,0,0,0,0,0,0,0,0,0,0,0,0,0,0,0,0,0,0,0,0
2567-3,86010014,ศึกษาต่อต่างประเทศ,0,0,0,0,0,0,0,0,0,0,0,0,0,0,0,0,0,0,0,0,0
2567-3,86010015,นักเรียนจบทั้งหมด,3,5,8,0,0,0,0,0,0,0,0,0,0,0,0,1,5,6,2,0,2
2567-3,86010015,โรงเรียนเดิม,0,0,0,0,0,0,0,0,0,0,0,0,0,0,0,0,0,0,0,0,0
2567-3,86010015,โรงเรียนอื่น สังกัด สพฐ.,2,5,7,0,0,0,0,0,0,0,0,0,0,0,0,1,5,6,1,0,1
2567-3,86010015,โรงเรียนสังกัดเอกชน,0,0,0,0,0,0,0,0,0,0,0,0,0,0,0,0,0,0,0,0,0
2567-3,86010015,โรงเรียนพระปริยัติธรรม แผนกสามัญ,0,0,0,0,0,0,0,0,0,0,0,0,0,0,0,0,0,0,0,0,0
2567-3,86010015,กศน.,0,0,0,0,0,0,0,0,0,0,0,0,0,0,0,0,0,0,0,0,0
2567-3,86010015,อื่น ๆ,0,0,0,0,0,0,0,0,0,0,0,0,0,0,0,0,0,0,0,0,0
2567-3,86010015,โรงเรียนอื่น สังกัด อบท.,0,0,0,0,0,0,0,0,0,0,0,0,0,0,0,0,0,0,0,0,0
2567-3,86010015,ศึกษาต่อต่างประเทศ,1,0,1,0,0,0,0,0,0,0,0,0,0,0,0,0,0,0,1,0,1
2567-3,86010016,นักเรียนจบทั้งหมด,10,9,19,0,0,0,0,0,0,0,0,0,0,0,0,10,9,19,0,0,0
2567-3,86010016,โรงเรียนเดิม,0,0,0,0,0,0,0,0,0,0,0,0,0,0,0,0,0,0,0,0,0
2567-3,86010016,โรงเรียนอื่น สังกัด สพฐ.,0,0,0,0,0,0,0,0,0,0,0,0,0,0,0,0,0,0,0,0,0
2567-3,86010016,โรงเรียนสังกัดเอกชน,0,0,0,0,0,0,0,0,0,0,0,0,0,0,0,0,0,0,0,0,0
2567-3,86010016,โรงเรียนพระปริยัติธรรม แผนกสามัญ,0,0,0,0,0,0,0,0,0,0,0,0,0,0,0,0,0,0,0,0,0
2567-3,86010016,กศน.,0,0,0,0,0,0,0,0,0,0,0,0,0,0,0,0,0,0,0,0,0
2567-3,86010016,อื่น ๆ,10,9,19,0,0,0,0,0,0,0,0,0,0,0,0,10,9,19,0,0,0
2567-3,86010016,โรงเรียนอื่น สังกัด อบท.,0,0,0,0,0,0,0,0,0,0,0,0,0,0,0,0,0,0,0,0,0
2567-3,86010016,ศึกษาต่อต่างประเทศ,0,0,0,0,0,0,0,0,0,0,0,0,0,0,0,0,0,0,0,0,0
2567-3,86010017,นักเรียนจบทั้งหมด,11,5,16,11,5,16,0,0,0,0,0,0,0,0,0,0,0,0,0,0,0
2567-3,86010017,โรงเรียนเดิม,11,4,15,11,4,15,0,0,0,0,0,0,0,0,0,0,0,0,0,0,0
2567-3,86010017,โรงเรียนอื่น สังกัด สพฐ.,0,1,1,0,1,1,0,0,0,0,0,0,0,0,0,0,0,0,0,0,0
2567-3,86010017,โรงเรียนสังกัดเอกชน,0,0,0,0,0,0,0,0,0,0,0,0,0,0,0,0,0,0,0,0,0
2567-3,86010017,โรงเรียนพระปริยัติธรรม แผนกสามัญ,0,0,0,0,0,0,0,0,0,0,0,0,0,0,0,0,0,0,0,0,0
2567-3,86010017,กศน.,0,0,0,0,0,0,0,0,0,0,0,0,0,0,0,0,0,0,0,0,0
2567-3,86010017,อื่น ๆ,0,0,0,0,0,0,0,0,0,0,0,0,0,0,0,0,0,0,0,0,0
2567-3,86010017,โรงเรียนอื่น สังกัด อบท.,0,0,0,0,0,0,0,0,0,0,0,0,0,0,0,0,0,0,0,0,0
2567-3,86010017,ศึกษาต่อต่างประเทศ,0,0,0,0,0,0,0,0,0,0,0,0,0,0,0,0,0,0,0,0,0
2567-3,86010019,นักเรียนจบทั้งหมด,13,5,18,1,1,2,10,4,14,0,0,0,0,0,0,2,0,2,0,0,0
2567-3,86010019,โรงเรียนเดิม,0,0,0,0,0,0,0,0,0,0,0,0,0,0,0,0,0,0,0,0,0
2567-3,86010019,โรงเรียนอื่น สังกัด สพฐ.,12,5,17,1,1,2,10,4,14,0,0,0,0,0,0,1,0,1,0,0,0
2567-3,86010019,โรงเรียนสังกัดเอกชน,0,0,0,0,0,0,0,0,0,0,0,0,0,0,0,0,0,0,0,0,0
2567-3,86010019,โรงเรียนพระปริยัติธรรม แผนกสามัญ,0,0,0,0,0,0,0,0,0,0,0,0,0,0,0,0,0,0,0,0,0
2567-3,86010019,กศน.,1,0,1,0,0,0,0,0,0,0,0,0,0,0,0,1,0,1,0,0,0
2567-3,86010019,อื่น ๆ,0,0,0,0,0,0,0,0,0,0,0,0,0,0,0,0,0,0,0,0,0
2567-3,86010019,โรงเรียนอื่น สังกัด อบท.,0,0,0,0,0,0,0,0,0,0,0,0,0,0,0,0,0,0,0,0,0
2567-3,86010019,ศึกษาต่อต่างประเทศ,0,0,0,0,0,0,0,0,0,0,0,0,0,0,0,0,0,0,0,0,0
2567-3,86010020,นักเรียนจบทั้งหมด,3,3,6,3,3,6,0,0,0,0,0,0,0,0,0,0,0,0,0,0,0
2567-3,86010020,โรงเรียนเดิม,0,0,0,0,0,0,0,0,0,0,0,0,0,0,0,0,0,0,0,0,0
2567-3,86010020,โรงเรียนอื่น สังกัด สพฐ.,3,3,6,3,3,6,0,0,0,0,0,0,0,0,0,0,0,0,0,0,0
2567-3,86010020,โรงเรียนสังกัดเอกชน,0,0,0,0,0,0,0,0,0,0,0,0,0,0,0,0,0,0,0,0,0
2567-3,86010020,โรงเรียนพระปริยัติธรรม แผนกสามัญ,0,0,0,0,0,0,0,0,0,0,0,0,0,0,0,0,0,0,0,0,0
2567-3,86010020,กศน.,0,0,0,0,0,0,0,0,0,0,0,0,0,0,0,0,0,0,0,0,0
2567-3,86010020,อื่น ๆ,0,0,0,0,0,0,0,0,0,0,0,0,0,0,0,0,0,0,0,0,0
2567-3,86010020,โรงเรียนอื่น สังกัด อบท.,0,0,0,0,0,0,0,0,0,0,0,0,0,0,0,0,0,0,0,0,0
2567-3,86010020,ศึกษาต่อต่างประเทศ,0,0,0,0,0,0,0,0,0,0,0,0,0,0,0,0,0,0,0,0,0
2567-3,86010021,นักเรียนจบทั้งหมด,93,85,178,62,59,121,16,12,28,0,1,1,0,0,0,15,13,28,0,0,0
2567-3,86010021,โรงเรียนเดิม,12,5,17,12,5,17,0,0,0,0,0,0,0,0,0,0,0,0,0,0,0
2567-3,86010021,โรงเรียนอื่น สังกัด สพฐ.,71,76,147,50,54,104,10,10,20,0,1,1,0,0,0,11,11,22,0,0,0
2567-3,86010021,โรงเรียนสังกัดเอกชน,1,0,1,0,0,0,1,0,1,0,0,0,0,0,0,0,0,0,0,0,0
2567-3,86010021,โรงเรียนพระปริยัติธรรม แผนกสามัญ,0,0,0,0,0,0,0,0,0,0,0,0,0,0,0,0,0,0,0,0,0
2567-3,86010021,กศน.,0,0,0,0,0,0,0,0,0,0,0,0,0,0,0,0,0,0,0,0,0
2567-3,86010021,อื่น ๆ,9,4,13,0,0,0,5,2,7,0,0,0,0,0,0,4,2,6,0,0,0
2567-3,86010021,โรงเรียนอื่น สังกัด อบท.,0,0,0,0,0,0,0,0,0,0,0,0,0,0,0,0,0,0,0,0,0
2567-3,86010021,ศึกษาต่อต่างประเทศ,0,0,0,0,0,0,0,0,0,0,0,0,0,0,0,0,0,0,0,0,0
2567-3,86010023,นักเรียนจบทั้งหมด,9,7,16,0,0,0,9,6,15,0,1,1,0,0,0,0,0,0,0,0,0
2567-3,86010023,โรงเรียนเดิม,0,0,0,0,0,0,0,0,0,0,0,0,0,0,0,0,0,0,0,0,0
2567-3,86010023,โรงเรียนอื่น สังกัด สพฐ.,9,7,16,0,0,0,9,6,15,0,1,1,0,0,0,0,0,0,0,0,0
2567-3,86010023,โรงเรียนสังกัดเอกชน,0,0,0,0,0,0,0,0,0,0,0,0,0,0,0,0,0,0,0,0,0
2567-3,86010023,โรงเรียนพระปริยัติธรรม แผนกสามัญ,0,0,0,0,0,0,0,0,0,0,0,0,0,0,0,0,0,0,0,0,0
2567-3,86010023,กศน.,0,0,0,0,0,0,0,0,0,0,0,0,0,0,0,0,0,0,0,0,0
2567-3,86010023,อื่น ๆ,0,0,0,0,0,0,0,0,0,0,0,0,0,0,0,0,0,0,0,0,0
2567-3,86010023,โรงเรียนอื่น สังกัด อบท.,0,0,0,0,0,0,0,0,0,0,0,0,0,0,0,0,0,0,0,0,0
2567-3,86010023,ศึกษาต่อต่างประเทศ,0,0,0,0,0,0,0,0,0,0,0,0,0,0,0,0,0,0,0,0,0
2567-3,86010024,นักเรียนจบทั้งหมด,9,3,12,9,3,12,0,0,0,0,0,0,0,0,0,0,0,0,0,0,0
2567-3,86010024,โรงเรียนเดิม,0,0,0,0,0,0,0,0,0,0,0,0,0,0,0,0,0,0,0,0,0
2567-3,86010024,โรงเรียนอื่น สังกัด สพฐ.,9,3,12,9,3,12,0,0,0,0,0,0,0,0,0,0,0,0,0,0,0
2567-3,86010024,โรงเรียนสังกัดเอกชน,0,0,0,0,0,0,0,0,0,0,0,0,0,0,0,0,0,0,0,0,0
2567-3,86010024,โรงเรียนพระปริยัติธรรม แผนกสามัญ,0,0,0,0,0,0,0,0,0,0,0,0,0,0,0,0,0,0,0,0,0
2567-3,86010024,กศน.,0,0,0,0,0,0,0,0,0,0,0,0,0,0,0,0,0,0,0,0,0
2567-3,86010024,อื่น ๆ,0,0,0,0,0,0,0,0,0,0,0,0,0,0,0,0,0,0,0,0,0
2567-3,86010024,โรงเรียนอื่น สังกัด อบท.,0,0,0,0,0,0,0,0,0,0,0,0,0,0,0,0,0,0,0,0,0
2567-3,86010024,ศึกษาต่อต่างประเทศ,0,0,0,0,0,0,0,0,0,0,0,0,0,0,0,0,0,0,0,0,0
2567-3,86010025,นักเรียนจบทั้งหมด,7,7,14,6,7,13,0,0,0,1,0,1,0,0,0,0,0,0,0,0,0
2567-3,86010025,โรงเรียนเดิม,6,7,13,6,7,13,0,0,0,0,0,0,0,0,0,0,0,0,0,0,0
2567-3,86010025,โรงเรียนอื่น สังกัด สพฐ.,1,0,1,0,0,0,0,0,0,1,0,1,0,0,0,0,0,0,0,0,0
2567-3,86010025,โรงเรียนสังกัดเอกชน,0,0,0,0,0,0,0,0,0,0,0,0,0,0,0,0,0,0,0,0,0
2567-3,86010025,โรงเรียนพระปริยัติธรรม แผนกสามัญ,0,0,0,0,0,0,0,0,0,0,0,0,0,0,0,0,0,0,0,0,0
2567-3,86010025,กศน.,0,0,0,0,0,0,0,0,0,0,0,0,0,0,0,0,0,0,0,0,0
2567-3,86010025,อื่น ๆ,0,0,0,0,0,0,0,0,0,0,0,0,0,0,0,0,0,0,0,0,0
2567-3,86010025,โรงเรียนอื่น สังกัด อบท.,0,0,0,0,0,0,0,0,0,0,0,0,0,0,0,0,0,0,0,0,0
2567-3,86010025,ศึกษาต่อต่างประเทศ,0,0,0,0,0,0,0,0,0,0,0,0,0,0,0,0,0,0,0,0,0
2567-3,86010027,นักเรียนจบทั้งหมด,8,9,17,1,0,1,2,3,5,1,0,1,0,0,0,4,6,10,0,0,0
2567-3,86010027,โรงเรียนเดิม,0,0,0,0,0,0,0,0,0,0,0,0,0,0,0,0,0,0,0,0,0
2567-3,86010027,โรงเรียนอื่น สังกัด สพฐ.,4,3,7,1,0,1,2,3,5,1,0,1,0,0,0,0,0,0,0,0,0
2567-3,86010027,โรงเรียนสังกัดเอกชน,0,0,0,0,0,0,0,0,0,0,0,0,0,0,0,0,0,0,0,0,0
2567-3,86010027,โรงเรียนพระปริยัติธรรม แผนกสามัญ,0,0,0,0,0,0,0,0,0,0,0,0,0,0,0,0,0,0,0,0,0
2567-3,86010027,กศน.,0,0,0,0,0,0,0,0,0,0,0,0,0,0,0,0,0,0,0,0,0
2567-3,86010027,อื่น ๆ,0,0,0,0,0,0,0,0,0,0,0,0,0,0,0,0,0,0,0,0,0
2567-3,86010027,โรงเรียนอื่น สังกัด อบท.,4,6,10,0,0,0,0,0,0,0,0,0,0,0,0,4,6,10,0,0,0
2567-3,86010027,ศึกษาต่อต่างประเทศ,0,0,0,0,0,0,0,0,0,0,0,0,0,0,0,0,0,0,0,0,0
2567-3,86010029,นักเรียนจบทั้งหมด,3,4,7,0,0,0,3,4,7,0,0,0,0,0,0,0,0,0,0,0,0
2567-3,86010029,โรงเรียนเดิม,0,0,0,0,0,0,0,0,0,0,0,0,0,0,0,0,0,0,0,0,0
2567-3,86010029,โรงเรียนอื่น สังกัด สพฐ.,3,4,7,0,0,0,3,4,7,0,0,0,0,0,0,0,0,0,0,0,0
2567-3,86010029,โรงเรียนสังกัดเอกชน,0,0,0,0,0,0,0,0,0,0,0,0,0,0,0,0,0,0,0,0,0
2567-3,86010029,โรงเรียนพระปริยัติธรรม แผนกสามัญ,0,0,0,0,0,0,0,0,0,0,0,0,0,0,0,0,0,0,0,0,0
2567-3,86010029,กศน.,0,0,0,0,0,0,0,0,0,0,0,0,0,0,0,0,0,0,0,0,0
2567-3,86010029,อื่น ๆ,0,0,0,0,0,0,0,0,0,0,0,0,0,0,0,0,0,0,0,0,0
2567-3,86010029,โรงเรียนอื่น สังกัด อบท.,0,0,0,0,0,0,0,0,0,0,0,0,0,0,0,0,0,0,0,0,0
2567-3,86010029,ศึกษาต่อต่างประเทศ,0,0,0,0,0,0,0,0,0,0,0,0,0,0,0,0,0,0,0,0,0
2567-3,86010030,นักเรียนจบทั้งหมด,6,4,10,5,3,8,0,0,0,0,1,1,0,0,0,1,0,1,0,0,0
2567-3,86010030,โรงเรียนเดิม,0,0,0,0,0,0,0,0,0,0,0,0,0,0,0,0,0,0,0,0,0
2567-3,86010030,โรงเรียนอื่น สังกัด สพฐ.,6,4,10,5,3,8,0,0,0,0,1,1,0,0,0,1,0,1,0,0,0
2567-3,86010030,โรงเรียนสังกัดเอกชน,0,0,0,0,0,0,0,0,0,0,0,0,0,0,0,0,0,0,0,0,0
2567-3,86010030,โรงเรียนพระปริยัติธรรม แผนกสามัญ,0,0,0,0,0,0,0,0,0,0,0,0,0,0,0,0,0,0,0,0,0
2567-3,86010030,กศน.,0,0,0,0,0,0,0,0,0,0,0,0,0,0,0,0,0,0,0,0,0
2567-3,86010030,อื่น ๆ,0,0,0,0,0,0,0,0,0,0,0,0,0,0,0,0,0,0,0,0,0
2567-3,86010030,โรงเรียนอื่น สังกัด อบท.,0,0,0,0,0,0,0,0,0,0,0,0,0,0,0,0,0,0,0,0,0
2567-3,86010030,ศึกษาต่อต่างประเทศ,0,0,0,0,0,0,0,0,0,0,0,0,0,0,0,0,0,0,0,0,0
2567-3,86010032,นักเรียนจบทั้งหมด,5,2,7,5,1,6,0,1,1,0,0,0,0,0,0,0,0,0,0,0,0
2567-3,86010032,โรงเรียนเดิม,0,0,0,0,0,0,0,0,0,0,0,0,0,0,0,0,0,0,0,0,0
2567-3,86010032,โรงเรียนอื่น สังกัด สพฐ.,5,2,7,5,1,6,0,1,1,0,0,0,0,0,0,0,0,0,0,0,0
2567-3,86010032,โรงเรียนสังกัดเอกชน,0,0,0,0,0,0,0,0,0,0,0,0,0,0,0,0,0,0,0,0,0
2567-3,86010032,โรงเรียนพระปริยัติธรรม แผนกสามัญ,0,0,0,0,0,0,0,0,0,0,0,0,0,0,0,0,0,0,0,0,0
2567-3,86010032,กศน.,0,0,0,0,0,0,0,0,0,0,0,0,0,0,0,0,0,0,0,0,0
2567-3,86010032,อื่น ๆ,0,0,0,0,0,0,0,0,0,0,0,0,0,0,0,0,0,0,0,0,0
2567-3,86010032,โรงเรียนอื่น สังกัด อบท.,0,0,0,0,0,0,0,0,0,0,0,0,0,0,0,0,0,0,0,0,0
2567-3,86010032,ศึกษาต่อต่างประเทศ,0,0,0,0,0,0,0,0,0,0,0,0,0,0,0,0,0,0,0,0,0
2567-3,86010036,นักเรียนจบทั้งหมด,5,3,8,5,3,8,0,0,0,0,0,0,0,0,0,0,0,0,0,0,0
2567-3,86010036,โรงเรียนเดิม,0,0,0,0,0,0,0,0,0,0,0,0,0,0,0,0,0,0,0,0,0
2567-3,86010036,โรงเรียนอื่น สังกัด สพฐ.,4,3,7,4,3,7,0,0,0,0,0,0,0,0,0,0,0,0,0,0,0
2567-3,86010036,โรงเรียนสังกัดเอกชน,0,0,0,0,0,0,0,0,0,0,0,0,0,0,0,0,0,0,0,0,0
2567-3,86010036,โรงเรียนพระปริยัติธรรม แผนกสามัญ,0,0,0,0,0,0,0,0,0,0,0,0,0,0,0,0,0,0,0,0,0
2567-3,86010036,กศน.,1,0,1,1,0,1,0,0,0,0,0,0,0,0,0,0,0,0,0,0,0
2567-3,86010036,อื่น ๆ,0,0,0,0,0,0,0,0,0,0,0,0,0,0,0,0,0,0,0,0,0
2567-3,86010036,โรงเรียนอื่น สังกัด อบท.,0,0,0,0,0,0,0,0,0,0,0,0,0,0,0,0,0,0,0,0,0
2567-3,86010036,ศึกษาต่อต่างประเทศ,0,0,0,0,0,0,0,0,0,0,0,0,0,0,0,0,0,0,0,0,0
2567-3,86010037,นักเรียนจบทั้งหมด,7,10,17,7,4,11,0,6,6,0,0,0,0,0,0,0,0,0,0,0,0
2567-3,86010037,โรงเรียนเดิม,7,4,11,7,4,11,0,0,0,0,0,0,0,0,0,0,0,0,0,0,0
2567-3,86010037,โรงเรียนอื่น สังกัด สพฐ.,0,6,6,0,0,0,0,6,6,0,0,0,0,0,0,0,0,0,0,0,0
2567-3,86010037,โรงเรียนสังกัดเอกชน,0,0,0,0,0,0,0,0,0,0,0,0,0,0,0,0,0,0,0,0,0
2567-3,86010037,โรงเรียนพระปริยัติธรรม แผนกสามัญ,0,0,0,0,0,0,0,0,0,0,0,0,0,0,0,0,0,0,0,0,0
2567-3,86010037,กศน.,0,0,0,0,0,0,0,0,0,0,0,0,0,0,0,0,0,0,0,0,0
2567-3,86010037,อื่น ๆ,0,0,0,0,0,0,0,0,0,0,0,0,0,0,0,0,0,0,0,0,0
2567-3,86010037,โรงเรียนอื่น สังกัด อบท.,0,0,0,0,0,0,0,0,0,0,0,0,0,0,0,0,0,0,0,0,0
2567-3,86010037,ศึกษาต่อต่างประเทศ,0,0,0,0,0,0,0,0,0,0,0,0,0,0,0,0,0,0,0,0,0
2567-3,86010039,นักเรียนจบทั้งหมด,2,6,8,2,5,7,0,0,0,0,0,0,0,0,0,0,1,1,0,0,0
2567-3,86010039,โรงเรียนเดิม,0,0,0,0,0,0,0,0,0,0,0,0,0,0,0,0,0,0,0,0,0
2567-3,86010039,โรงเรียนอื่น สังกัด สพฐ.,2,6,8,2,5,7,0,0,0,0,0,0,0,0,0,0,1,1,0,0,0
2567-3,86010039,โรงเรียนสังกัดเอกชน,0,0,0,0,0,0,0,0,0,0,0,0,0,0,0,0,0,0,0,0,0
2567-3,86010039,โรงเรียนพระปริยัติธรรม แผนกสามัญ,0,0,0,0,0,0,0,0,0,0,0,0,0,0,0,0,0,0,0,0,0
2567-3,86010039,กศน.,0,0,0,0,0,0,0,0,0,0,0,0,0,0,0,0,0,0,0,0,0
2567-3,86010039,อื่น ๆ,0,0,0,0,0,0,0,0,0,0,0,0,0,0,0,0,0,0,0,0,0
2567-3,86010039,โรงเรียนอื่น สังกัด อบท.,0,0,0,0,0,0,0,0,0,0,0,0,0,0,0,0,0,0,0,0,0
2567-3,86010039,ศึกษาต่อต่างประเทศ,0,0,0,0,0,0,0,0,0,0,0,0,0,0,0,0,0,0,0,0,0
2567-3,86010040,นักเรียนจบทั้งหมด,8,13,21,8,13,21,0,0,0,0,0,0,0,0,0,0,0,0,0,0,0
2567-3,86010040,โรงเรียนเดิม,8,13,21,8,13,21,0,0,0,0,0,0,0,0,0,0,0,0,0,0,0
2567-3,86010040,โรงเรียนอื่น สังกัด สพฐ.,0,0,0,0,0,0,0,0,0,0,0,0,0,0,0,0,0,0,0,0,0
2567-3,86010040,โรงเรียนสังกัดเอกชน,0,0,0,0,0,0,0,0,0,0,0,0,0,0,0,0,0,0,0,0,0
2567-3,86010040,โรงเรียนพระปริยัติธรรม แผนกสามัญ,0,0,0,0,0,0,0,0,0,0,0,0,0,0,0,0,0,0,0,0,0
2567-3,86010040,กศน.,0,0,0,0,0,0,0,0,0,0,0,0,0,0,0,0,0,0,0,0,0
2567-3,86010040,อื่น ๆ,0,0,0,0,0,0,0,0,0,0,0,0,0,0,0,0,0,0,0,0,0
2567-3,86010040,โรงเรียนอื่น สังกัด อบท.,0,0,0,0,0,0,0,0,0,0,0,0,0,0,0,0,0,0,0,0,0
2567-3,86010040,ศึกษาต่อต่างประเทศ,0,0,0,0,0,0,0,0,0,0,0,0,0,0,0,0,0,0,0,0,0
2567-3,86010041,นักเรียนจบทั้งหมด,17,6,23,9,3,12,6,3,9,2,0,2,0,0,0,0,0,0,0,0,0
2567-3,86010041,โรงเรียนเดิม,0,0,0,0,0,0,0,0,0,0,0,0,0,0,0,0,0,0,0,0,0
2567-3,86010041,โรงเรียนอื่น สังกัด สพฐ.,15,6,21,9,3,12,6,3,9,0,0,0,0,0,0,0,0,0,0,0,0
2567-3,86010041,โรงเรียนสังกัดเอกชน,2,0,2,0,0,0,0,0,0,2,0,2,0,0,0,0,0,0,0,0,0
2567-3,86010041,โรงเรียนพระปริยัติธรรม แผนกสามัญ,0,0,0,0,0,0,0,0,0,0,0,0,0,0,0,0,0,0,0,0,0
2567-3,86010041,กศน.,0,0,0,0,0,0,0,0,0,0,0,0,0,0,0,0,0,0,0,0,0
2567-3,86010041,อื่น ๆ,0,0,0,0,0,0,0,0,0,0,0,0,0,0,0,0,0,0,0,0,0
2567-3,86010041,โรงเรียนอื่น สังกัด อบท.,0,0,0,0,0,0,0,0,0,0,0,0,0,0,0,0,0,0,0,0,0
2567-3,86010041,ศึกษาต่อต่างประเทศ,0,0,0,0,0,0,0,0,0,0,0,0,0,0,0,0,0,0,0,0,0
2567-3,86010042,นักเรียนจบทั้งหมด,14,6,20,14,6,20,0,0,0,0,0,0,0,0,0,0,0,0,0,0,0
2567-3,86010042,โรงเรียนเดิม,14,6,20,14,6,20,0,0,0,0,0,0,0,0,0,0,0,0,0,0,0
2567-3,86010042,โรงเรียนอื่น สังกัด สพฐ.,0,0,0,0,0,0,0,0,0,0,0,0,0,0,0,0,0,0,0,0,0
2567-3,86010042,โรงเรียนสังกัดเอกชน,0,0,0,0,0,0,0,0,0,0,0,0,0,0,0,0,0,0,0,0,0
2567-3,86010042,โรงเรียนพระปริยัติธรรม แผนกสามัญ,0,0,0,0,0,0,0,0,0,0,0,0,0,0,0,0,0,0,0,0,0
2567-3,86010042,กศน.,0,0,0,0,0,0,0,0,0,0,0,0,0,0,0,0,0,0,0,0,0
2567-3,86010042,อื่น ๆ,0,0,0,0,0,0,0,0,0,0,0,0,0,0,0,0,0,0,0,0,0
2567-3,86010042,โรงเรียนอื่น สังกัด อบท.,0,0,0,0,0,0,0,0,0,0,0,0,0,0,0,0,0,0,0,0,0
2567-3,86010042,ศึกษาต่อต่างประเทศ,0,0,0,0,0,0,0,0,0,0,0,0,0,0,0,0,0,0,0,0,0
2567-3,86010043,นักเรียนจบทั้งหมด,6,7,13,5,6,11,0,1,1,0,0,0,0,0,0,1,0,1,0,0,0
2567-3,86010043,โรงเรียนเดิม,5,6,11,5,6,11,0,0,0,0,0,0,0,0,0,0,0,0,0,0,0
2567-3,86010043,โรงเรียนอื่น สังกัด สพฐ.,0,1,1,0,0,0,0,1,1,0,0,0,0,0,0,0,0,0,0,0,0
2567-3,86010043,โรงเรียนสังกัดเอกชน,0,0,0,0,0,0,0,0,0,0,0,0,0,0,0,0,0,0,0,0,0
2567-3,86010043,โรงเรียนพระปริยัติธรรม แผนกสามัญ,0,0,0,0,0,0,0,0,0,0,0,0,0,0,0,0,0,0,0,0,0
2567-3,86010043,กศน.,0,0,0,0,0,0,0,0,0,0,0,0,0,0,0,0,0,0,0,0,0
2567-3,86010043,อื่น ๆ,0,0,0,0,0,0,0,0,0,0,0,0,0,0,0,0,0,0,0,0,0
2567-3,86010043,โรงเรียนอื่น สังกัด อบท.,1,0,1,0,0,0,0,0,0,0,0,0,0,0,0,1,0,1,0,0,0
2567-3,86010043,ศึกษาต่อต่างประเทศ,0,0,0,0,0,0,0,0,0,0,0,0,0,0,0,0,0,0,0,0,0
2567-3,86010044,นักเรียนจบทั้งหมด,40,24,64,40,23,63,0,0,0,0,1,1,0,0,0,0,0,0,0,0,0
2567-3,86010044,โรงเรียนเดิม,0,0,0,0,0,0,0,0,0,0,0,0,0,0,0,0,0,0,0,0,0
2567-3,86010044,โรงเรียนอื่น สังกัด สพฐ.,40,24,64,40,23,63,0,0,0,0,1,1,0,0,0,0,0,0,0,0,0
2567-3,86010044,โรงเรียนสังกัดเอกชน,0,0,0,0,0,0,0,0,0,0,0,0,0,0,0,0,0,0,0,0,0
2567-3,86010044,โรงเรียนพระปริยัติธรรม แผนกสามัญ,0,0,0,0,0,0,0,0,0,0,0,0,0,0,0,0,0,0,0,0,0
2567-3,86010044,กศน.,0,0,0,0,0,0,0,0,0,0,0,0,0,0,0,0,0,0,0,0,0
2567-3,86010044,อื่น ๆ,0,0,0,0,0,0,0,0,0,0,0,0,0,0,0,0,0,0,0,0,0
2567-3,86010044,โรงเรียนอื่น สังกัด อบท.,0,0,0,0,0,0,0,0,0,0,0,0,0,0,0,0,0,0,0,0,0
2567-3,86010044,ศึกษาต่อต่างประเทศ,0,0,0,0,0,0,0,0,0,0,0,0,0,0,0,0,0,0,0,0,0
2567-3,86010045,นักเรียนจบทั้งหมด,7,6,13,7,6,13,0,0,0,0,0,0,0,0,0,0,0,0,0,0,0
2567-3,86010045,โรงเรียนเดิม,7,5,12,7,5,12,0,0,0,0,0,0,0,0,0,0,0,0,0,0,0
2567-3,86010045,โรงเรียนอื่น สังกัด สพฐ.,0,1,1,0,1,1,0,0,0,0,0,0,0,0,0,0,0,0,0,0,0
2567-3,86010045,โรงเรียนสังกัดเอกชน,0,0,0,0,0,0,0,0,0,0,0,0,0,0,0,0,0,0,0,0,0
2567-3,86010045,โรงเรียนพระปริยัติธรรม แผนกสามัญ,0,0,0,0,0,0,0,0,0,0,0,0,0,0,0,0,0,0,0,0,0
2567-3,86010045,กศน.,0,0,0,0,0,0,0,0,0,0,0,0,0,0,0,0,0,0,0,0,0
2567-3,86010045,อื่น ๆ,0,0,0,0,0,0,0,0,0,0,0,0,0,0,0,0,0,0,0,0,0
2567-3,86010045,โรงเรียนอื่น สังกัด อบท.,0,0,0,0,0,0,0,0,0,0,0,0,0,0,0,0,0,0,0,0,0
2567-3,86010045,ศึกษาต่อต่างประเทศ,0,0,0,0,0,0,0,0,0,0,0,0,0,0,0,0,0,0,0,0,0
2567-3,86010046,นักเรียนจบทั้งหมด,4,2,6,0,0,0,4,2,6,0,0,0,0,0,0,0,0,0,0,0,0
2567-3,86010046,โรงเรียนเดิม,0,0,0,0,0,0,0,0,0,0,0,0,0,0,0,0,0,0,0,0,0
2567-3,86010046,โรงเรียนอื่น สังกัด สพฐ.,4,2,6,0,0,0,4,2,6,0,0,0,0,0,0,0,0,0,0,0,0
2567-3,86010046,โรงเรียนสังกัดเอกชน,0,0,0,0,0,0,0,0,0,0,0,0,0,0,0,0,0,0,0,0,0
2567-3,86010046,โรงเรียนพระปริยัติธรรม แผนกสามัญ,0,0,0,0,0,0,0,0,0,0,0,0,0,0,0,0,0,0,0,0,0
2567-3,86010046,กศน.,0,0,0,0,0,0,0,0,0,0,0,0,0,0,0,0,0,0,0,0,0
2567-3,86010046,อื่น ๆ,0,0,0,0,0,0,0,0,0,0,0,0,0,0,0,0,0,0,0,0,0
2567-3,86010046,โรงเรียนอื่น สังกัด อบท.,0,0,0,0,0,0,0,0,0,0,0,0,0,0,0,0,0,0,0,0,0
2567-3,86010046,ศึกษาต่อต่างประเทศ,0,0,0,0,0,0,0,0,0,0,0,0,0,0,0,0,0,0,0,0,0
2567-3,86010047,นักเรียนจบทั้งหมด,28,24,52,25,20,45,0,1,1,1,2,3,0,0,0,2,1,3,0,0,0
2567-3,86010047,โรงเรียนเดิม,25,15,40,25,15,40,0,0,0,0,0,0,0,0,0,0,0,0,0,0,0
2567-3,86010047,โรงเรียนอื่น สังกัด สพฐ.,2,9,11,0,5,5,0,1,1,1,2,3,0,0,0,1,1,2,0,0,0
2567-3,86010047,โรงเรียนสังกัดเอกชน,1,0,1,0,0,0,0,0,0,0,0,0,0,0,0,1,0,1,0,0,0
2567-3,86010047,โรงเรียนพระปริยัติธรรม แผนกสามัญ,0,0,0,0,0,0,0,0,0,0,0,0,0,0,0,0,0,0,0,0,0
2567-3,86010047,กศน.,0,0,0,0,0,0,0,0,0,0,0,0,0,0,0,0,0,0,0,0,0
2567-3,86010047,อื่น ๆ,0,0,0,0,0,0,0,0,0,0,0,0,0,0,0,0,0,0,0,0,0
2567-3,86010047,โรงเรียนอื่น สังกัด อบท.,0,0,0,0,0,0,0,0,0,0,0,0,0,0,0,0,0,0,0,0,0
2567-3,86010047,ศึกษาต่อต่างประเทศ,0,0,0,0,0,0,0,0,0,0,0,0,0,0,0,0,0,0,0,0,0
2567-3,86010048,นักเรียนจบทั้งหมด,11,12,23,11,12,23,0,0,0,0,0,0,0,0,0,0,0,0,0,0,0
2567-3,86010048,โรงเรียนเดิม,4,8,12,4,8,12,0,0,0,0,0,0,0,0,0,0,0,0,0,0,0
2567-3,86010048,โรงเรียนอื่น สังกัด สพฐ.,7,4,11,7,4,11,0,0,0,0,0,0,0,0,0,0,0,0,0,0,0
2567-3,86010048,โรงเรียนสังกัดเอกชน,0,0,0,0,0,0,0,0,0,0,0,0,0,0,0,0,0,0,0,0,0
2567-3,86010048,โรงเรียนพระปริยัติธรรม แผนกสามัญ,0,0,0,0,0,0,0,0,0,0,0,0,0,0,0,0,0,0,0,0,0
2567-3,86010048,กศน.,0,0,0,0,0,0,0,0,0,0,0,0,0,0,0,0,0,0,0,0,0
2567-3,86010048,อื่น ๆ,0,0,0,0,0,0,0,0,0,0,0,0,0,0,0,0,0,0,0,0,0
2567-3,86010048,โรงเรียนอื่น สังกัด อบท.,0,0,0,0,0,0,0,0,0,0,0,0,0,0,0,0,0,0,0,0,0
2567-3,86010048,ศึกษาต่อต่างประเทศ,0,0,0,0,0,0,0,0,0,0,0,0,0,0,0,0,0,0,0,0,0
2567-3,86010052,นักเรียนจบทั้งหมด,18,10,28,16,9,25,1,1,2,1,0,1,0,0,0,0,0,0,0,0,0
2567-3,86010052,โรงเรียนเดิม,16,9,25,16,9,25,0,0,0,0,0,0,0,0,0,0,0,0,0,0,0
2567-3,86010052,โรงเรียนอื่น สังกัด สพฐ.,1,1,2,0,0,0,1,1,2,0,0,0,0,0,0,0,0,0,0,0,0
2567-3,86010052,โรงเรียนสังกัดเอกชน,0,0,0,0,0,0,0,0,0,0,0,0,0,0,0,0,0,0,0,0,0
2567-3,86010052,โรงเรียนพระปริยัติธรรม แผนกสามัญ,0,0,0,0,0,0,0,0,0,0,0,0,0,0,0,0,0,0,0,0,0
2567-3,86010052,กศน.,0,0,0,0,0,0,0,0,0,0,0,0,0,0,0,0,0,0,0,0,0
2567-3,86010052,อื่น ๆ,1,0,1,0,0,0,0,0,0,1,0,1,0,0,0,0,0,0,0,0,0
2567-3,86010052,โรงเรียนอื่น สังกัด อบท.,0,0,0,0,0,0,0,0,0,0,0,0,0,0,0,0,0,0,0,0,0
2567-3,86010052,ศึกษาต่อต่างประเทศ,0,0,0,0,0,0,0,0,0,0,0,0,0,0,0,0,0,0,0,0,0
2567-3,86010053,นักเรียนจบทั้งหมด,15,15,30,12,10,22,1,1,2,0,0,0,0,0,0,0,3,3,2,1,3
2567-3,86010053,โรงเรียนเดิม,10,7,17,10,7,17,0,0,0,0,0,0,0,0,0,0,0,0,0,0,0
2567-3,86010053,โรงเรียนอื่น สังกัด สพฐ.,4,5,9,1,3,4,1,1,2,0,0,0,0,0,0,0,0,0,2,1,3
2567-3,86010053,โรงเรียนสังกัดเอกชน,1,0,1,1,0,1,0,0,0,0,0,0,0,0,0,0,0,0,0,0,0
2567-3,86010053,โรงเรียนพระปริยัติธรรม แผนกสามัญ,0,0,0,0,0,0,0,0,0,0,0,0,0,0,0,0,0,0,0,0,0
2567-3,86010053,กศน.,0,0,0,0,0,0,0,0,0,0,0,0,0,0,0,0,0,0,0,0,0
2567-3,86010053,อื่น ๆ,0,0,0,0,0,0,0,0,0,0,0,0,0,0,0,0,0,0,0,0,0
2567-3,86010053,โรงเรียนอื่น สังกัด อบท.,0,3,3,0,0,0,0,0,0,0,0,0,0,0,0,0,3,3,0,0,0
2567-3,86010053,ศึกษาต่อต่างประเทศ,0,0,0,0,0,0,0,0,0,0,0,0,0,0,0,0,0,0,0,0,0
2567-3,86010055,นักเรียนจบทั้งหมด,9,7,16,9,7,16,0,0,0,0,0,0,0,0,0,0,0,0,0,0,0
2567-3,86010055,โรงเรียนเดิม,9,7,16,9,7,16,0,0,0,0,0,0,0,0,0,0,0,0,0,0,0
2567-3,86010055,โรงเรียนอื่น สังกัด สพฐ.,0,0,0,0,0,0,0,0,0,0,0,0,0,0,0,0,0,0,0,0,0
2567-3,86010055,โรงเรียนสังกัดเอกชน,0,0,0,0,0,0,0,0,0,0,0,0,0,0,0,0,0,0,0,0,0
2567-3,86010055,โรงเรียนพระปริยัติธรรม แผนกสามัญ,0,0,0,0,0,0,0,0,0,0,0,0,0,0,0,0,0,0,0,0,0
2567-3,86010055,กศน.,0,0,0,0,0,0,0,0,0,0,0,0,0,0,0,0,0,0,0,0,0
2567-3,86010055,อื่น ๆ,0,0,0,0,0,0,0,0,0,0,0,0,0,0,0,0,0,0,0,0,0
2567-3,86010055,โรงเรียนอื่น สังกัด อบท.,0,0,0,0,0,0,0,0,0,0,0,0,0,0,0,0,0,0,0,0,0
2567-3,86010055,ศึกษาต่อต่างประเทศ,0,0,0,0,0,0,0,0,0,0,0,0,0,0,0,0,0,0,0,0,0
2567-3,86010056,นักเรียนจบทั้งหมด,22,9,31,19,7,26,3,1,4,0,1,1,0,0,0,0,0,0,0,0,0
2567-3,86010056,โรงเรียนเดิม,19,5,24,19,5,24,0,0,0,0,0,0,0,0,0,0,0,0,0,0,0
2567-3,86010056,โรงเรียนอื่น สังกัด สพฐ.,3,4,7,0,2,2,3,1,4,0,1,1,0,0,0,0,0,0,0,0,0
2567-3,86010056,โรงเรียนสังกัดเอกชน,0,0,0,0,0,0,0,0,0,0,0,0,0,0,0,0,0,0,0,0,0
2567-3,86010056,โรงเรียนพระปริยัติธรรม แผนกสามัญ,0,0,0,0,0,0,0,0,0,0,0,0,0,0,0,0,0,0,0,0,0
2567-3,86010056,กศน.,0,0,0,0,0,0,0,0,0,0,0,0,0,0,0,0,0,0,0,0,0
2567-3,86010056,อื่น ๆ,0,0,0,0,0,0,0,0,0,0,0,0,0,0,0,0,0,0,0,0,0
2567-3,86010056,โรงเรียนอื่น สังกัด อบท.,0,0,0,0,0,0,0,0,0,0,0,0,0,0,0,0,0,0,0,0,0
2567-3,86010056,ศึกษาต่อต่างประเทศ,0,0,0,0,0,0,0,0,0,0,0,0,0,0,0,0,0,0,0,0,0
2567-3,86010059,นักเรียนจบทั้งหมด,5,5,10,1,0,1,4,5,9,0,0,0,0,0,0,0,0,0,0,0,0
2567-3,86010059,โรงเรียนเดิม,0,0,0,0,0,0,0,0,0,0,0,0,0,0,0,0,0,0,0,0,0
2567-3,86010059,โรงเรียนอื่น สังกัด สพฐ.,5,5,10,1,0,1,4,5,9,0,0,0,0,0,0,0,0,0,0,0,0
2567-3,86010059,โรงเรียนสังกัดเอกชน,0,0,0,0,0,0,0,0,0,0,0,0,0,0,0,0,0,0,0,0,0
2567-3,86010059,โรงเรียนพระปริยัติธรรม แผนกสามัญ,0,0,0,0,0,0,0,0,0,0,0,0,0,0,0,0,0,0,0,0,0
2567-3,86010059,กศน.,0,0,0,0,0,0,0,0,0,0,0,0,0,0,0,0,0,0,0,0,0
2567-3,86010059,อื่น ๆ,0,0,0,0,0,0,0,0,0,0,0,0,0,0,0,0,0,0,0,0,0
2567-3,86010059,โรงเรียนอื่น สังกัด อบท.,0,0,0,0,0,0,0,0,0,0,0,0,0,0,0,0,0,0,0,0,0
2567-3,86010059,ศึกษาต่อต่างประเทศ,0,0,0,0,0,0,0,0,0,0,0,0,0,0,0,0,0,0,0,0,0
2567-3,86010060,นักเรียนจบทั้งหมด,8,11,19,5,7,12,2,3,5,1,1,2,0,0,0,0,0,0,0,0,0
2567-3,86010060,โรงเรียนเดิม,5,6,11,5,6,11,0,0,0,0,0,0,0,0,0,0,0,0,0,0,0
2567-3,86010060,โรงเรียนอื่น สังกัด สพฐ.,3,5,8,0,1,1,2,3,5,1,1,2,0,0,0,0,0,0,0,0,0
2567-3,86010060,โรงเรียนสังกัดเอกชน,0,0,0,0,0,0,0,0,0,0,0,0,0,0,0,0,0,0,0,0,0
2567-3,86010060,โรงเรียนพระปริยัติธรรม แผนกสามัญ,0,0,0,0,0,0,0,0,0,0,0,0,0,0,0,0,0,0,0,0,0
2567-3,86010060,กศน.,0,0,0,0,0,0,0,0,0,0,0,0,0,0,0,0,0,0,0,0,0
2567-3,86010060,อื่น ๆ,0,0,0,0,0,0,0,0,0,0,0,0,0,0,0,0,0,0,0,0,0
2567-3,86010060,โรงเรียนอื่น สังกัด อบท.,0,0,0,0,0,0,0,0,0,0,0,0,0,0,0,0,0,0,0,0,0
2567-3,86010060,ศึกษาต่อต่างประเทศ,0,0,0,0,0,0,0,0,0,0,0,0,0,0,0,0,0,0,0,0,0
2567-3,86010061,นักเรียนจบทั้งหมด,8,9,17,8,6,14,0,1,1,0,1,1,0,0,0,0,1,1,0,0,0
2567-3,86010061,โรงเรียนเดิม,7,5,12,7,5,12,0,0,0,0,0,0,0,0,0,0,0,0,0,0,0
2567-3,86010061,โรงเรียนอื่น สังกัด สพฐ.,0,4,4,0,1,1,0,1,1,0,1,1,0,0,0,0,1,1,0,0,0
2567-3,86010061,โรงเรียนสังกัดเอกชน,1,0,1,1,0,1,0,0,0,0,0,0,0,0,0,0,0,0,0,0,0
2567-3,86010061,โรงเรียนพระปริยัติธรรม แผนกสามัญ,0,0,0,0,0,0,0,0,0,0,0,0,0,0,0,0,0,0,0,0,0
2567-3,86010061,กศน.,0,0,0,0,0,0,0,0,0,0,0,0,0,0,0,0,0,0,0,0,0
2567-3,86010061,อื่น ๆ,0,0,0,0,0,0,0,0,0,0,0,0,0,0,0,0,0,0,0,0,0
2567-3,86010061,โรงเรียนอื่น สังกัด อบท.,0,0,0,0,0,0,0,0,0,0,0,0,0,0,0,0,0,0,0,0,0
2567-3,86010061,ศึกษาต่อต่างประเทศ,0,0,0,0,0,0,0,0,0,0,0,0,0,0,0,0,0,0,0,0,0
2567-3,86010062,นักเรียนจบทั้งหมด,18,11,29,14,7,21,0,0,0,0,0,0,0,0,0,4,4,8,0,0,0
2567-3,86010062,โรงเรียนเดิม,13,7,20,13,7,20,0,0,0,0,0,0,0,0,0,0,0,0,0,0,0
2567-3,86010062,โรงเรียนอื่น สังกัด สพฐ.,5,3,8,1,0,1,0,0,0,0,0,0,0,0,0,4,3,7,0,0,0
2567-3,86010062,โรงเรียนสังกัดเอกชน,0,0,0,0,0,0,0,0,0,0,0,0,0,0,0,0,0,0,0,0,0
2567-3,86010062,โรงเรียนพระปริยัติธรรม แผนกสามัญ,0,0,0,0,0,0,0,0,0,0,0,0,0,0,0,0,0,0,0,0,0
2567-3,86010062,กศน.,0,0,0,0,0,0,0,0,0,0,0,0,0,0,0,0,0,0,0,0,0
2567-3,86010062,อื่น ๆ,0,0,0,0,0,0,0,0,0,0,0,0,0,0,0,0,0,0,0,0,0
2567-3,86010062,โรงเรียนอื่น สังกัด อบท.,0,1,1,0,0,0,0,0,0,0,0,0,0,0,0,0,1,1,0,0,0
2567-3,86010062,ศึกษาต่อต่างประเทศ,0,0,0,0,0,0,0,0,0,0,0,0,0,0,0,0,0,0,0,0,0
2567-3,86010063,นักเรียนจบทั้งหมด,6,1,7,0,0,0,6,1,7,0,0,0,0,0,0,0,0,0,0,0,0
2567-3,86010063,โรงเรียนเดิม,0,0,0,0,0,0,0,0,0,0,0,0,0,0,0,0,0,0,0,0,0
2567-3,86010063,โรงเรียนอื่น สังกัด สพฐ.,6,1,7,0,0,0,6,1,7,0,0,0,0,0,0,0,0,0,0,0,0
2567-3,86010063,โรงเรียนสังกัดเอกชน,0,0,0,0,0,0,0,0,0,0,0,0,0,0,0,0,0,0,0,0,0
2567-3,86010063,โรงเรียนพระปริยัติธรรม แผนกสามัญ,0,0,0,0,0,0,0,0,0,0,0,0,0,0,0,0,0,0,0,0,0
2567-3,86010063,กศน.,0,0,0,0,0,0,0,0,0,0,0,0,0,0,0,0,0,0,0,0,0
2567-3,86010063,อื่น ๆ,0,0,0,0,0,0,0,0,0,0,0,0,0,0,0,0,0,0,0,0,0
2567-3,86010063,โรงเรียนอื่น สังกัด อบท.,0,0,0,0,0,0,0,0,0,0,0,0,0,0,0,0,0,0,0,0,0
2567-3,86010063,ศึกษาต่อต่างประเทศ,0,0,0,0,0,0,0,0,0,0,0,0,0,0,0,0,0,0,0,0,0
2567-3,86010064,นักเรียนจบทั้งหมด,5,5,10,5,5,10,0,0,0,0,0,0,0,0,0,0,0,0,0,0,0
2567-3,86010064,โรงเรียนเดิม,5,3,8,5,3,8,0,0,0,0,0,0,0,0,0,0,0,0,0,0,0
2567-3,86010064,โรงเรียนอื่น สังกัด สพฐ.,0,2,2,0,2,2,0,0,0,0,0,0,0,0,0,0,0,0,0,0,0
2567-3,86010064,โรงเรียนสังกัดเอกชน,0,0,0,0,0,0,0,0,0,0,0,0,0,0,0,0,0,0,0,0,0
2567-3,86010064,โรงเรียนพระปริยัติธรรม แผนกสามัญ,0,0,0,0,0,0,0,0,0,0,0,0,0,0,0,0,0,0,0,0,0
2567-3,86010064,กศน.,0,0,0,0,0,0,0,0,0,0,0,0,0,0,0,0,0,0,0,0,0
2567-3,86010064,อื่น ๆ,0,0,0,0,0,0,0,0,0,0,0,0,0,0,0,0,0,0,0,0,0
2567-3,86010064,โรงเรียนอื่น สังกัด อบท.,0,0,0,0,0,0,0,0,0,0,0,0,0,0,0,0,0,0,0,0,0
2567-3,86010064,ศึกษาต่อต่างประเทศ,0,0,0,0,0,0,0,0,0,0,0,0,0,0,0,0,0,0,0,0,0
2567-3,86010066,นักเรียนจบทั้งหมด,8,5,13,8,5,13,0,0,0,0,0,0,0,0,0,0,0,0,0,0,0
2567-3,86010066,โรงเรียนเดิม,8,5,13,8,5,13,0,0,0,0,0,0,0,0,0,0,0,0,0,0,0
2567-3,86010066,โรงเรียนอื่น สังกัด สพฐ.,0,0,0,0,0,0,0,0,0,0,0,0,0,0,0,0,0,0,0,0,0
2567-3,86010066,โรงเรียนสังกัดเอกชน,0,0,0,0,0,0,0,0,0,0,0,0,0,0,0,0,0,0,0,0,0
2567-3,86010066,โรงเรียนพระปริยัติธรรม แผนกสามัญ,0,0,0,0,0,0,0,0,0,0,0,0,0,0,0,0,0,0,0,0,0
2567-3,86010066,กศน.,0,0,0,0,0,0,0,0,0,0,0,0,0,0,0,0,0,0,0,0,0
2567-3,86010066,อื่น ๆ,0,0,0,0,0,0,0,0,0,0,0,0,0,0,0,0,0,0,0,0,0
2567-3,86010066,โรงเรียนอื่น สังกัด อบท.,0,0,0,0,0,0,0,0,0,0,0,0,0,0,0,0,0,0,0,0,0
2567-3,86010066,ศึกษาต่อต่างประเทศ,0,0,0,0,0,0,0,0,0,0,0,0,0,0,0,0,0,0,0,0,0
2567-3,86010068,นักเรียนจบทั้งหมด,0,3,3,0,3,3,0,0,0,0,0,0,0,0,0,0,0,0,0,0,0
2567-3,86010068,โรงเรียนเดิม,0,0,0,0,0,0,0,0,0,0,0,0,0,0,0,0,0,0,0,0,0
2567-3,86010068,โรงเรียนอื่น สังกัด สพฐ.,0,3,3,0,3,3,0,0,0,0,0,0,0,0,0,0,0,0,0,0,0
2567-3,86010068,โรงเรียนสังกัดเอกชน,0,0,0,0,0,0,0,0,0,0,0,0,0,0,0,0,0,0,0,0,0
2567-3,86010068,โรงเรียนพระปริยัติธรรม แผนกสามัญ,0,0,0,0,0,0,0,0,0,0,0,0,0,0,0,0,0,0,0,0,0
2567-3,86010068,กศน.,0,0,0,0,0,0,0,0,0,0,0,0,0,0,0,0,0,0,0,0,0
2567-3,86010068,อื่น ๆ,0,0,0,0,0,0,0,0,0,0,0,0,0,0,0,0,0,0,0,0,0
2567-3,86010068,โรงเรียนอื่น สังกัด อบท.,0,0,0,0,0,0,0,0,0,0,0,0,0,0,0,0,0,0,0,0,0
2567-3,86010068,ศึกษาต่อต่างประเทศ,0,0,0,0,0,0,0,0,0,0,0,0,0,0,0,0,0,0,0,0,0
2567-3,86010069,นักเรียนจบทั้งหมด,7,5,12,7,5,12,0,0,0,0,0,0,0,0,0,0,0,0,0,0,0
2567-3,86010069,โรงเรียนเดิม,6,4,10,6,4,10,0,0,0,0,0,0,0,0,0,0,0,0,0,0,0
2567-3,86010069,โรงเรียนอื่น สังกัด สพฐ.,1,1,2,1,1,2,0,0,0,0,0,0,0,0,0,0,0,0,0,0,0
2567-3,86010069,โรงเรียนสังกัดเอกชน,0,0,0,0,0,0,0,0,0,0,0,0,0,0,0,0,0,0,0,0,0
2567-3,86010069,โรงเรียนพระปริยัติธรรม แผนกสามัญ,0,0,0,0,0,0,0,0,0,0,0,0,0,0,0,0,0,0,0,0,0
2567-3,86010069,กศน.,0,0,0,0,0,0,0,0,0,0,0,0,0,0,0,0,0,0,0,0,0
2567-3,86010069,อื่น ๆ,0,0,0,0,0,0,0,0,0,0,0,0,0,0,0,0,0,0,0,0,0
2567-3,86010069,โรงเรียนอื่น สังกัด อบท.,0,0,0,0,0,0,0,0,0,0,0,0,0,0,0,0,0,0,0,0,0
2567-3,86010069,ศึกษาต่อต่างประเทศ,0,0,0,0,0,0,0,0,0,0,0,0,0,0,0,0,0,0,0,0,0
2567-3,86010070,นักเรียนจบทั้งหมด,9,12,21,2,5,7,0,0,0,0,0,0,0,0,0,7,6,13,0,1,1
2567-3,86010070,โรงเรียนเดิม,0,0,0,0,0,0,0,0,0,0,0,0,0,0,0,0,0,0,0,0,0
2567-3,86010070,โรงเรียนอื่น สังกัด สพฐ.,2,5,7,2,5,7,0,0,0,0,0,0,0,0,0,0,0,0,0,0,0
2567-3,86010070,โรงเรียนสังกัดเอกชน,0,0,0,0,0,0,0,0,0,0,0,0,0,0,0,0,0,0,0,0,0
2567-3,86010070,โรงเรียนพระปริยัติธรรม แผนกสามัญ,0,0,0,0,0,0,0,0,0,0,0,0,0,0,0,0,0,0,0,0,0
2567-3,86010070,กศน.,0,0,0,0,0,0,0,0,0,0,0,0,0,0,0,0,0,0,0,0,0
2567-3,86010070,อื่น ๆ,7,7,14,0,0,0,0,0,0,0,0,0,0,0,0,7,6,13,0,1,1
2567-3,86010070,โรงเรียนอื่น สังกัด อบท.,0,0,0,0,0,0,0,0,0,0,0,0,0,0,0,0,0,0,0,0,0
2567-3,86010070,ศึกษาต่อต่างประเทศ,0,0,0,0,0,0,0,0,0,0,0,0,0,0,0,0,0,0,0,0,0
2567-3,86010071,นักเรียนจบทั้งหมด,9,8,17,7,2,9,0,0,0,0,0,0,0,0,0,2,6,8,0,0,0
2567-3,86010071,โรงเรียนเดิม,7,2,9,7,2,9,0,0,0,0,0,0,0,0,0,0,0,0,0,0,0
2567-3,86010071,โรงเรียนอื่น สังกัด สพฐ.,0,0,0,0,0,0,0,0,0,0,0,0,0,0,0,0,0,0,0,0,0
2567-3,86010071,โรงเรียนสังกัดเอกชน,0,0,0,0,0,0,0,0,0,0,0,0,0,0,0,0,0,0,0,0,0
2567-3,86010071,โรงเรียนพระปริยัติธรรม แผนกสามัญ,0,0,0,0,0,0,0,0,0,0,0,0,0,0,0,0,0,0,0,0,0
2567-3,86010071,กศน.,0,0,0,0,0,0,0,0,0,0,0,0,0,0,0,0,0,0,0,0,0
2567-3,86010071,อื่น ๆ,2,6,8,0,0,0,0,0,0,0,0,0,0,0,0,2,6,8,0,0,0
2567-3,86010071,โรงเรียนอื่น สังกัด อบท.,0,0,0,0,0,0,0,0,0,0,0,0,0,0,0,0,0,0,0,0,0
2567-3,86010071,ศึกษาต่อต่างประเทศ,0,0,0,0,0,0,0,0,0,0,0,0,0,0,0,0,0,0,0,0,0
2567-3,86010072,นักเรียนจบทั้งหมด,3,2,5,2,2,4,0,0,0,0,0,0,0,0,0,1,0,1,0,0,0
2567-3,86010072,โรงเรียนเดิม,0,0,0,0,0,0,0,0,0,0,0,0,0,0,0,0,0,0,0,0,0
2567-3,86010072,โรงเรียนอื่น สังกัด สพฐ.,3,2,5,2,2,4,0,0,0,0,0,0,0,0,0,1,0,1,0,0,0
2567-3,86010072,โรงเรียนสังกัดเอกชน,0,0,0,0,0,0,0,0,0,0,0,0,0,0,0,0,0,0,0,0,0
2567-3,86010072,โรงเรียนพระปริยัติธรรม แผนกสามัญ,0,0,0,0,0,0,0,0,0,0,0,0,0,0,0,0,0,0,0,0,0
2567-3,86010072,กศน.,0,0,0,0,0,0,0,0,0,0,0,0,0,0,0,0,0,0,0,0,0
2567-3,86010072,อื่น ๆ,0,0,0,0,0,0,0,0,0,0,0,0,0,0,0,0,0,0,0,0,0
2567-3,86010072,โรงเรียนอื่น สังกัด อบท.,0,0,0,0,0,0,0,0,0,0,0,0,0,0,0,0,0,0,0,0,0
2567-3,86010072,ศึกษาต่อต่างประเทศ,0,0,0,0,0,0,0,0,0,0,0,0,0,0,0,0,0,0,0,0,0
2567-3,86010073,นักเรียนจบทั้งหมด,1,3,4,0,0,0,1,3,4,0,0,0,0,0,0,0,0,0,0,0,0
2567-3,86010073,โรงเรียนเดิม,0,0,0,0,0,0,0,0,0,0,0,0,0,0,0,0,0,0,0,0,0
2567-3,86010073,โรงเรียนอื่น สังกัด สพฐ.,1,3,4,0,0,0,1,3,4,0,0,0,0,0,0,0,0,0,0,0,0
2567-3,86010073,โรงเรียนสังกัดเอกชน,0,0,0,0,0,0,0,0,0,0,0,0,0,0,0,0,0,0,0,0,0
2567-3,86010073,โรงเรียนพระปริยัติธรรม แผนกสามัญ,0,0,0,0,0,0,0,0,0,0,0,0,0,0,0,0,0,0,0,0,0
2567-3,86010073,กศน.,0,0,0,0,0,0,0,0,0,0,0,0,0,0,0,0,0,0,0,0,0
2567-3,86010073,อื่น ๆ,0,0,0,0,0,0,0,0,0,0,0,0,0,0,0,0,0,0,0,0,0
2567-3,86010073,โรงเรียนอื่น สังกัด อบท.,0,0,0,0,0,0,0,0,0,0,0,0,0,0,0,0,0,0,0,0,0
2567-3,86010073,ศึกษาต่อต่างประเทศ,0,0,0,0,0,0,0,0,0,0,0,0,0,0,0,0,0,0,0,0,0
2567-3,86010075,นักเรียนจบทั้งหมด,0,0,0,0,0,0,0,0,0,0,0,0,0,0,0,0,0,0,0,0,0
2567-3,86010075,โรงเรียนเดิม,0,0,0,0,0,0,0,0,0,0,0,0,0,0,0,0,0,0,0,0,0
2567-3,86010075,โรงเรียนอื่น สังกัด สพฐ.,0,0,0,0,0,0,0,0,0,0,0,0,0,0,0,0,0,0,0,0,0
2567-3,86010075,โรงเรียนสังกัดเอกชน,0,0,0,0,0,0,0,0,0,0,0,0,0,0,0,0,0,0,0,0,0
2567-3,86010075,โรงเรียนพระปริยัติธรรม แผนกสามัญ,0,0,0,0,0,0,0,0,0,0,0,0,0,0,0,0,0,0,0,0,0
2567-3,86010075,กศน.,0,0,0,0,0,0,0,0,0,0,0,0,0,0,0,0,0,0,0,0,0
2567-3,86010075,อื่น ๆ,0,0,0,0,0,0,0,0,0,0,0,0,0,0,0,0,0,0,0,0,0
2567-3,86010075,โรงเรียนอื่น สังกัด อบท.,0,0,0,0,0,0,0,0,0,0,0,0,0,0,0,0,0,0,0,0,0
2567-3,86010075,ศึกษาต่อต่างประเทศ,0,0,0,0,0,0,0,0,0,0,0,0,0,0,0,0,0,0,0,0,0
2567-3,86010076,นักเรียนจบทั้งหมด,17,19,36,0,0,0,16,18,34,0,0,0,0,0,0,0,1,1,1,0,1
2567-3,86010076,โรงเรียนเดิม,0,0,0,0,0,0,0,0,0,0,0,0,0,0,0,0,0,0,0,0,0
2567-3,86010076,โรงเรียนอื่น สังกัด สพฐ.,17,18,35,0,0,0,16,18,34,0,0,0,0,0,0,0,0,0,1,0,1
2567-3,86010076,โรงเรียนสังกัดเอกชน,0,0,0,0,0,0,0,0,0,0,0,0,0,0,0,0,0,0,0,0,0
2567-3,86010076,โรงเรียนพระปริยัติธรรม แผนกสามัญ,0,0,0,0,0,0,0,0,0,0,0,0,0,0,0,0,0,0,0,0,0
2567-3,86010076,กศน.,0,0,0,0,0,0,0,0,0,0,0,0,0,0,0,0,0,0,0,0,0
2567-3,86010076,อื่น ๆ,0,0,0,0,0,0,0,0,0,0,0,0,0,0,0,0,0,0,0,0,0
2567-3,86010076,โรงเรียนอื่น สังกัด อบท.,0,1,1,0,0,0,0,0,0,0,0,0,0,0,0,0,1,1,0,0,0
2567-3,86010076,ศึกษาต่อต่างประเทศ,0,0,0,0,0,0,0,0,0,0,0,0,0,0,0,0,0,0,0,0,0
2567-3,86010077,นักเรียนจบทั้งหมด,5,3,8,1,3,4,0,0,0,0,0,0,0,0,0,4,0,4,0,0,0
2567-3,86010077,โรงเรียนเดิม,0,0,0,0,0,0,0,0,0,0,0,0,0,0,0,0,0,0,0,0,0
2567-3,86010077,โรงเรียนอื่น สังกัด สพฐ.,5,3,8,1,3,4,0,0,0,0,0,0,0,0,0,4,0,4,0,0,0
2567-3,86010077,โรงเรียนสังกัดเอกชน,0,0,0,0,0,0,0,0,0,0,0,0,0,0,0,0,0,0,0,0,0
2567-3,86010077,โรงเรียนพระปริยัติธรรม แผนกสามัญ,0,0,0,0,0,0,0,0,0,0,0,0,0,0,0,0,0,0,0,0,0
2567-3,86010077,กศน.,0,0,0,0,0,0,0,0,0,0,0,0,0,0,0,0,0,0,0,0,0
2567-3,86010077,อื่น ๆ,0,0,0,0,0,0,0,0,0,0,0,0,0,0,0,0,0,0,0,0,0
2567-3,86010077,โรงเรียนอื่น สังกัด อบท.,0,0,0,0,0,0,0,0,0,0,0,0,0,0,0,0,0,0,0,0,0
2567-3,86010077,ศึกษาต่อต่างประเทศ,0,0,0,0,0,0,0,0,0,0,0,0,0,0,0,0,0,0,0,0,0
2567-3,86010078,นักเรียนจบทั้งหมด,14,5,19,0,0,0,0,0,0,0,0,0,0,0,0,12,5,17,2,0,2
2567-3,86010078,โรงเรียนเดิม,0,0,0,0,0,0,0,0,0,0,0,0,0,0,0,0,0,0,0,0,0
2567-3,86010078,โรงเรียนอื่น สังกัด สพฐ.,14,5,19,0,0,0,0,0,0,0,0,0,0,0,0,12,5,17,2,0,2
2567-3,86010078,โรงเรียนสังกัดเอกชน,0,0,0,0,0,0,0,0,0,0,0,0,0,0,0,0,0,0,0,0,0
2567-3,86010078,โรงเรียนพระปริยัติธรรม แผนกสามัญ,0,0,0,0,0,0,0,0,0,0,0,0,0,0,0,0,0,0,0,0,0
2567-3,86010078,กศน.,0,0,0,0,0,0,0,0,0,0,0,0,0,0,0,0,0,0,0,0,0
2567-3,86010078,อื่น ๆ,0,0,0,0,0,0,0,0,0,0,0,0,0,0,0,0,0,0,0,0,0
2567-3,86010078,โรงเรียนอื่น สังกัด อบท.,0,0,0,0,0,0,0,0,0,0,0,0,0,0,0,0,0,0,0,0,0
2567-3,86010078,ศึกษาต่อต่างประเทศ,0,0,0,0,0,0,0,0,0,0,0,0,0,0,0,0,0,0,0,0,0
2567-3,86010079,นักเรียนจบทั้งหมด,33,39,72,0,0,0,32,39,71,1,0,1,0,0,0,0,0,0,0,0,0
2567-3,86010079,โรงเรียนเดิม,0,0,0,0,0,0,0,0,0,0,0,0,0,0,0,0,0,0,0,0,0
2567-3,86010079,โรงเรียนอื่น สังกัด สพฐ.,33,39,72,0,0,0,32,39,71,1,0,1,0,0,0,0,0,0,0,0,0
2567-3,86010079,โรงเรียนสังกัดเอกชน,0,0,0,0,0,0,0,0,0,0,0,0,0,0,0,0,0,0,0,0,0
2567-3,86010079,โรงเรียนพระปริยัติธรรม แผนกสามัญ,0,0,0,0,0,0,0,0,0,0,0,0,0,0,0,0,0,0,0,0,0
2567-3,86010079,กศน.,0,0,0,0,0,0,0,0,0,0,0,0,0,0,0,0,0,0,0,0,0
2567-3,86010079,อื่น ๆ,0,0,0,0,0,0,0,0,0,0,0,0,0,0,0,0,0,0,0,0,0
2567-3,86010079,โรงเรียนอื่น สังกัด อบท.,0,0,0,0,0,0,0,0,0,0,0,0,0,0,0,0,0,0,0,0,0
2567-3,86010079,ศึกษาต่อต่างประเทศ,0,0,0,0,0,0,0,0,0,0,0,0,0,0,0,0,0,0,0,0,0
2567-3,86010080,นักเรียนจบทั้งหมด,19,19,38,18,14,32,0,4,4,0,1,1,0,0,0,0,0,0,1,0,1
2567-3,86010080,โรงเรียนเดิม,18,14,32,18,14,32,0,0,0,0,0,0,0,0,0,0,0,0,0,0,0
2567-3,86010080,โรงเรียนอื่น สังกัด สพฐ.,0,5,5,0,0,0,0,4,4,0,1,1,0,0,0,0,0,0,0,0,0
2567-3,86010080,โรงเรียนสังกัดเอกชน,1,0,1,0,0,0,0,0,0,0,0,0,0,0,0,0,0,0,1,0,1
2567-3,86010080,โรงเรียนพระปริยัติธรรม แผนกสามัญ,0,0,0,0,0,0,0,0,0,0,0,0,0,0,0,0,0,0,0,0,0
2567-3,86010080,กศน.,0,0,0,0,0,0,0,0,0,0,0,0,0,0,0,0,0,0,0,0,0
2567-3,86010080,อื่น ๆ,0,0,0,0,0,0,0,0,0,0,0,0,0,0,0,0,0,0,0,0,0
2567-3,86010080,โรงเรียนอื่น สังกัด อบท.,0,0,0,0,0,0,0,0,0,0,0,0,0,0,0,0,0,0,0,0,0
2567-3,86010080,ศึกษาต่อต่างประเทศ,0,0,0,0,0,0,0,0,0,0,0,0,0,0,0,0,0,0,0,0,0
2567-3,86010083,นักเรียนจบทั้งหมด,51,42,93,43,27,70,6,15,21,1,0,1,0,0,0,1,0,1,0,0,0
2567-3,86010083,โรงเรียนเดิม,43,27,70,43,27,70,0,0,0,0,0,0,0,0,0,0,0,0,0,0,0
2567-3,86010083,โรงเรียนอื่น สังกัด สพฐ.,7,15,22,0,0,0,6,15,21,1,0,1,0,0,0,0,0,0,0,0,0
2567-3,86010083,โรงเรียนสังกัดเอกชน,1,0,1,0,0,0,0,0,0,0,0,0,0,0,0,1,0,1,0,0,0
2567-3,86010083,โรงเรียนพระปริยัติธรรม แผนกสามัญ,0,0,0,0,0,0,0,0,0,0,0,0,0,0,0,0,0,0,0,0,0
2567-3,86010083,กศน.,0,0,0,0,0,0,0,0,0,0,0,0,0,0,0,0,0,0,0,0,0
2567-3,86010083,อื่น ๆ,0,0,0,0,0,0,0,0,0,0,0,0,0,0,0,0,0,0,0,0,0
2567-3,86010083,โรงเรียนอื่น สังกัด อบท.,0,0,0,0,0,0,0,0,0,0,0,0,0,0,0,0,0,0,0,0,0
2567-3,86010083,ศึกษาต่อต่างประเทศ,0,0,0,0,0,0,0,0,0,0,0,0,0,0,0,0,0,0,0,0,0
2567-3,86010089,นักเรียนจบทั้งหมด,4,1,5,0,0,0,2,0,2,0,0,0,0,0,0,2,1,3,0,0,0
2567-3,86010089,โรงเรียนเดิม,0,0,0,0,0,0,0,0,0,0,0,0,0,0,0,0,0,0,0,0,0
2567-3,86010089,โรงเรียนอื่น สังกัด สพฐ.,2,0,2,0,0,0,2,0,2,0,0,0,0,0,0,0,0,0,0,0,0
2567-3,86010089,โรงเรียนสังกัดเอกชน,0,0,0,0,0,0,0,0,0,0,0,0,0,0,0,0,0,0,0,0,0
2567-3,86010089,โรงเรียนพระปริยัติธรรม แผนกสามัญ,0,0,0,0,0,0,0,0,0,0,0,0,0,0,0,0,0,0,0,0,0
2567-3,86010089,กศน.,0,0,0,0,0,0,0,0,0,0,0,0,0,0,0,0,0,0,0,0,0
2567-3,86010089,อื่น ๆ,0,0,0,0,0,0,0,0,0,0,0,0,0,0,0,0,0,0,0,0,0
2567-3,86010089,โรงเรียนอื่น สังกัด อบท.,2,1,3,0,0,0,0,0,0,0,0,0,0,0,0,2,1,3,0,0,0
2567-3,86010089,ศึกษาต่อต่างประเทศ,0,0,0,0,0,0,0,0,0,0,0,0,0,0,0,0,0,0,0,0,0
2567-3,86010090,นักเรียนจบทั้งหมด,12,10,22,12,10,22,0,0,0,0,0,0,0,0,0,0,0,0,0,0,0
2567-3,86010090,โรงเรียนเดิม,0,0,0,0,0,0,0,0,0,0,0,0,0,0,0,0,0,0,0,0,0
2567-3,86010090,โรงเรียนอื่น สังกัด สพฐ.,11,10,21,11,10,21,0,0,0,0,0,0,0,0,0,0,0,0,0,0,0
2567-3,86010090,โรงเรียนสังกัดเอกชน,0,0,0,0,0,0,0,0,0,0,0,0,0,0,0,0,0,0,0,0,0
2567-3,86010090,โรงเรียนพระปริยัติธรรม แผนกสามัญ,1,0,1,1,0,1,0,0,0,0,0,0,0,0,0,0,0,0,0,0,0
2567-3,86010090,กศน.,0,0,0,0,0,0,0,0,0,0,0,0,0,0,0,0,0,0,0,0,0
2567-3,86010090,อื่น ๆ,0,0,0,0,0,0,0,0,0,0,0,0,0,0,0,0,0,0,0,0,0
2567-3,86010090,โรงเรียนอื่น สังกัด อบท.,0,0,0,0,0,0,0,0,0,0,0,0,0,0,0,0,0,0,0,0,0
2567-3,86010090,ศึกษาต่อต่างประเทศ,0,0,0,0,0,0,0,0,0,0,0,0,0,0,0,0,0,0,0,0,0
2567-3,86010091,นักเรียนจบทั้งหมด,2,1,3,0,0,0,2,1,3,0,0,0,0,0,0,0,0,0,0,0,0
2567-3,86010091,โรงเรียนเดิม,0,0,0,0,0,0,0,0,0,0,0,0,0,0,0,0,0,0,0,0,0
2567-3,86010091,โรงเรียนอื่น สังกัด สพฐ.,2,1,3,0,0,0,2,1,3,0,0,0,0,0,0,0,0,0,0,0,0
2567-3,86010091,โรงเรียนสังกัดเอกชน,0,0,0,0,0,0,0,0,0,0,0,0,0,0,0,0,0,0,0,0,0
2567-3,86010091,โรงเรียนพระปริยัติธรรม แผนกสามัญ,0,0,0,0,0,0,0,0,0,0,0,0,0,0,0,0,0,0,0,0,0
2567-3,86010091,กศน.,0,0,0,0,0,0,0,0,0,0,0,0,0,0,0,0,0,0,0,0,0
2567-3,86010091,อื่น ๆ,0,0,0,0,0,0,0,0,0,0,0,0,0,0,0,0,0,0,0,0,0
2567-3,86010091,โรงเรียนอื่น สังกัด อบท.,0,0,0,0,0,0,0,0,0,0,0,0,0,0,0,0,0,0,0,0,0
2567-3,86010091,ศึกษาต่อต่างประเทศ,0,0,0,0,0,0,0,0,0,0,0,0,0,0,0,0,0,0,0,0,0
2567-3,86010092,นักเรียนจบทั้งหมด,12,8,20,9,7,16,0,0,0,0,0,0,0,0,0,3,1,4,0,0,0
2567-3,86010092,โรงเรียนเดิม,9,7,16,9,7,16,0,0,0,0,0,0,0,0,0,0,0,0,0,0,0
2567-3,86010092,โรงเรียนอื่น สังกัด สพฐ.,0,0,0,0,0,0,0,0,0,0,0,0,0,0,0,0,0,0,0,0,0
2567-3,86010092,โรงเรียนสังกัดเอกชน,0,0,0,0,0,0,0,0,0,0,0,0,0,0,0,0,0,0,0,0,0
2567-3,86010092,โรงเรียนพระปริยัติธรรม แผนกสามัญ,0,0,0,0,0,0,0,0,0,0,0,0,0,0,0,0,0,0,0,0,0
2567-3,86010092,กศน.,0,0,0,0,0,0,0,0,0,0,0,0,0,0,0,0,0,0,0,0,0
2567-3,86010092,อื่น ๆ,3,1,4,0,0,0,0,0,0,0,0,0,0,0,0,3,1,4,0,0,0
2567-3,86010092,โรงเรียนอื่น สังกัด อบท.,0,0,0,0,0,0,0,0,0,0,0,0,0,0,0,0,0,0,0,0,0
2567-3,86010092,ศึกษาต่อต่างประเทศ,0,0,0,0,0,0,0,0,0,0,0,0,0,0,0,0,0,0,0,0,0
2567-3,86010093,นักเรียนจบทั้งหมด,78,64,142,78,64,142,0,0,0,0,0,0,0,0,0,0,0,0,0,0,0
2567-3,86010093,โรงเรียนเดิม,78,64,142,78,64,142,0,0,0,0,0,0,0,0,0,0,0,0,0,0,0
2567-3,86010093,โรงเรียนอื่น สังกัด สพฐ.,0,0,0,0,0,0,0,0,0,0,0,0,0,0,0,0,0,0,0,0,0
2567-3,86010093,โรงเรียนสังกัดเอกชน,0,0,0,0,0,0,0,0,0,0,0,0,0,0,0,0,0,0,0,0,0
2567-3,86010093,โรงเรียนพระปริยัติธรรม แผนกสามัญ,0,0,0,0,0,0,0,0,0,0,0,0,0,0,0,0,0,0,0,0,0
2567-3,86010093,กศน.,0,0,0,0,0,0,0,0,0,0,0,0,0,0,0,0,0,0,0,0,0
2567-3,86010093,อื่น ๆ,0,0,0,0,0,0,0,0,0,0,0,0,0,0,0,0,0,0,0,0,0
2567-3,86010093,โรงเรียนอื่น สังกัด อบท.,0,0,0,0,0,0,0,0,0,0,0,0,0,0,0,0,0,0,0,0,0
2567-3,86010093,ศึกษาต่อต่างประเทศ,0,0,0,0,0,0,0,0,0,0,0,0,0,0,0,0,0,0,0,0,0
2567-3,86010094,นักเรียนจบทั้งหมด,3,3,6,3,3,6,0,0,0,0,0,0,0,0,0,0,0,0,0,0,0
2567-3,86010094,โรงเรียนเดิม,0,0,0,0,0,0,0,0,0,0,0,0,0,0,0,0,0,0,0,0,0
2567-3,86010094,โรงเรียนอื่น สังกัด สพฐ.,3,3,6,3,3,6,0,0,0,0,0,0,0,0,0,0,0,0,0,0,0
2567-3,86010094,โรงเรียนสังกัดเอกชน,0,0,0,0,0,0,0,0,0,0,0,0,0,0,0,0,0,0,0,0,0
2567-3,86010094,โรงเรียนพระปริยัติธรรม แผนกสามัญ,0,0,0,0,0,0,0,0,0,0,0,0,0,0,0,0,0,0,0,0,0
2567-3,86010094,กศน.,0,0,0,0,0,0,0,0,0,0,0,0,0,0,0,0,0,0,0,0,0
2567-3,86010094,อื่น ๆ,0,0,0,0,0,0,0,0,0,0,0,0,0,0,0,0,0,0,0,0,0
2567-3,86010094,โรงเรียนอื่น สังกัด อบท.,0,0,0,0,0,0,0,0,0,0,0,0,0,0,0,0,0,0,0,0,0
2567-3,86010094,ศึกษาต่อต่างประเทศ,0,0,0,0,0,0,0,0,0,0,0,0,0,0,0,0,0,0,0,0,0
2567-3,86010095,นักเรียนจบทั้งหมด,19,8,27,14,7,21,4,0,4,0,0,0,0,0,0,1,1,2,0,0,0
2567-3,86010095,โรงเรียนเดิม,14,7,21,14,7,21,0,0,0,0,0,0,0,0,0,0,0,0,0,0,0
2567-3,86010095,โรงเรียนอื่น สังกัด สพฐ.,4,0,4,0,0,0,4,0,4,0,0,0,0,0,0,0,0,0,0,0,0
2567-3,86010095,โรงเรียนสังกัดเอกชน,0,1,1,0,0,0,0,0,0,0,0,0,0,0,0,0,1,1,0,0,0
2567-3,86010095,โรงเรียนพระปริยัติธรรม แผนกสามัญ,0,0,0,0,0,0,0,0,0,0,0,0,0,0,0,0,0,0,0,0,0
2567-3,86010095,กศน.,0,0,0,0,0,0,0,0,0,0,0,0,0,0,0,0,0,0,0,0,0
2567-3,86010095,อื่น ๆ,0,0,0,0,0,0,0,0,0,0,0,0,0,0,0,0,0,0,0,0,0
2567-3,86010095,โรงเรียนอื่น สังกัด อบท.,1,0,1,0,0,0,0,0,0,0,0,0,0,0,0,1,0,1,0,0,0
2567-3,86010095,ศึกษาต่อต่างประเทศ,0,0,0,0,0,0,0,0,0,0,0,0,0,0,0,0,0,0,0,0,0
2567-3,86010096,นักเรียนจบทั้งหมด,16,12,28,16,11,27,0,0,0,0,1,1,0,0,0,0,0,0,0,0,0
2567-3,86010096,โรงเรียนเดิม,15,9,24,15,9,24,0,0,0,0,0,0,0,0,0,0,0,0,0,0,0
2567-3,86010096,โรงเรียนอื่น สังกัด สพฐ.,1,3,4,1,2,3,0,0,0,0,1,1,0,0,0,0,0,0,0,0,0
2567-3,86010096,โรงเรียนสังกัดเอกชน,0,0,0,0,0,0,0,0,0,0,0,0,0,0,0,0,0,0,0,0,0
2567-3,86010096,โรงเรียนพระปริยัติธรรม แผนกสามัญ,0,0,0,0,0,0,0,0,0,0,0,0,0,0,0,0,0,0,0,0,0
2567-3,86010096,กศน.,0,0,0,0,0,0,0,0,0,0,0,0,0,0,0,0,0,0,0,0,0
2567-3,86010096,อื่น ๆ,0,0,0,0,0,0,0,0,0,0,0,0,0,0,0,0,0,0,0,0,0
2567-3,86010096,โรงเรียนอื่น สังกัด อบท.,0,0,0,0,0,0,0,0,0,0,0,0,0,0,0,0,0,0,0,0,0
2567-3,86010096,ศึกษาต่อต่างประเทศ,0,0,0,0,0,0,0,0,0,0,0,0,0,0,0,0,0,0,0,0,0
2567-3,86010097,นักเรียนจบทั้งหมด,1,1,2,0,1,1,1,0,1,0,0,0,0,0,0,0,0,0,0,0,0
2567-3,86010097,โรงเรียนเดิม,0,0,0,0,0,0,0,0,0,0,0,0,0,0,0,0,0,0,0,0,0
2567-3,86010097,โรงเรียนอื่น สังกัด สพฐ.,1,1,2,0,1,1,1,0,1,0,0,0,0,0,0,0,0,0,0,0,0
2567-3,86010097,โรงเรียนสังกัดเอกชน,0,0,0,0,0,0,0,0,0,0,0,0,0,0,0,0,0,0,0,0,0
2567-3,86010097,โรงเรียนพระปริยัติธรรม แผนกสามัญ,0,0,0,0,0,0,0,0,0,0,0,0,0,0,0,0,0,0,0,0,0
2567-3,86010097,กศน.,0,0,0,0,0,0,0,0,0,0,0,0,0,0,0,0,0,0,0,0,0
2567-3,86010097,อื่น ๆ,0,0,0,0,0,0,0,0,0,0,0,0,0,0,0,0,0,0,0,0,0
2567-3,86010097,โรงเรียนอื่น สังกัด อบท.,0,0,0,0,0,0,0,0,0,0,0,0,0,0,0,0,0,0,0,0,0
2567-3,86010097,ศึกษาต่อต่างประเทศ,0,0,0,0,0,0,0,0,0,0,0,0,0,0,0,0,0,0,0,0,0
2567-3,86010098,นักเรียนจบทั้งหมด,8,10,18,0,0,0,8,10,18,0,0,0,0,0,0,0,0,0,0,0,0
2567-3,86010098,โรงเรียนเดิม,0,0,0,0,0,0,0,0,0,0,0,0,0,0,0,0,0,0,0,0,0
2567-3,86010098,โรงเรียนอื่น สังกัด สพฐ.,8,10,18,0,0,0,8,10,18,0,0,0,0,0,0,0,0,0,0,0,0
2567-3,86010098,โรงเรียนสังกัดเอกชน,0,0,0,0,0,0,0,0,0,0,0,0,0,0,0,0,0,0,0,0,0
2567-3,86010098,โรงเรียนพระปริยัติธรรม แผนกสามัญ,0,0,0,0,0,0,0,0,0,0,0,0,0,0,0,0,0,0,0,0,0
2567-3,86010098,กศน.,0,0,0,0,0,0,0,0,0,0,0,0,0,0,0,0,0,0,0,0,0
2567-3,86010098,อื่น ๆ,0,0,0,0,0,0,0,0,0,0,0,0,0,0,0,0,0,0,0,0,0
2567-3,86010098,โรงเรียนอื่น สังกัด อบท.,0,0,0,0,0,0,0,0,0,0,0,0,0,0,0,0,0,0,0,0,0
2567-3,86010098,ศึกษาต่อต่างประเทศ,0,0,0,0,0,0,0,0,0,0,0,0,0,0,0,0,0,0,0,0,0
2567-3,86010099,นักเรียนจบทั้งหมด,18,7,25,0,0,0,18,7,25,0,0,0,0,0,0,0,0,0,0,0,0
2567-3,86010099,โรงเรียนเดิม,0,0,0,0,0,0,0,0,0,0,0,0,0,0,0,0,0,0,0,0,0
2567-3,86010099,โรงเรียนอื่น สังกัด สพฐ.,17,7,24,0,0,0,17,7,24,0,0,0,0,0,0,0,0,0,0,0,0
2567-3,86010099,โรงเรียนสังกัดเอกชน,1,0,1,0,0,0,1,0,1,0,0,0,0,0,0,0,0,0,0,0,0
2567-3,86010099,โรงเรียนพระปริยัติธรรม แผนกสามัญ,0,0,0,0,0,0,0,0,0,0,0,0,0,0,0,0,0,0,0,0,0
2567-3,86010099,กศน.,0,0,0,0,0,0,0,0,0,0,0,0,0,0,0,0,0,0,0,0,0
2567-3,86010099,อื่น ๆ,0,0,0,0,0,0,0,0,0,0,0,0,0,0,0,0,0,0,0,0,0
2567-3,86010099,โรงเรียนอื่น สังกัด อบท.,0,0,0,0,0,0,0,0,0,0,0,0,0,0,0,0,0,0,0,0,0
2567-3,86010099,ศึกษาต่อต่างประเทศ,0,0,0,0,0,0,0,0,0,0,0,0,0,0,0,0,0,0,0,0,0
2567-3,86010100,นักเรียนจบทั้งหมด,12,10,22,7,5,12,0,0,0,0,0,0,2,0,2,3,5,8,0,0,0
2567-3,86010100,โรงเรียนเดิม,7,5,12,7,5,12,0,0,0,0,0,0,0,0,0,0,0,0,0,0,0
2567-3,86010100,โรงเรียนอื่น สังกัด สพฐ.,3,5,8,0,0,0,0,0,0,0,0,0,0,0,0,3,5,8,0,0,0
2567-3,86010100,โรงเรียนสังกัดเอกชน,2,0,2,0,0,0,0,0,0,0,0,0,2,0,2,0,0,0,0,0,0
2567-3,86010100,โรงเรียนพระปริยัติธรรม แผนกสามัญ,0,0,0,0,0,0,0,0,0,0,0,0,0,0,0,0,0,0,0,0,0
2567-3,86010100,กศน.,0,0,0,0,0,0,0,0,0,0,0,0,0,0,0,0,0,0,0,0,0
2567-3,86010100,อื่น ๆ,0,0,0,0,0,0,0,0,0,0,0,0,0,0,0,0,0,0,0,0,0
2567-3,86010100,โรงเรียนอื่น สังกัด อบท.,0,0,0,0,0,0,0,0,0,0,0,0,0,0,0,0,0,0,0,0,0
2567-3,86010100,ศึกษาต่อต่างประเทศ,0,0,0,0,0,0,0,0,0,0,0,0,0,0,0,0,0,0,0,0,0
2567-3,86010101,นักเรียนจบทั้งหมด,1,6,7,1,2,3,0,0,0,0,0,0,0,0,0,0,4,4,0,0,0
2567-3,86010101,โรงเรียนเดิม,0,0,0,0,0,0,0,0,0,0,0,0,0,0,0,0,0,0,0,0,0
2567-3,86010101,โรงเรียนอื่น สังกัด สพฐ.,1,6,7,1,2,3,0,0,0,0,0,0,0,0,0,0,4,4,0,0,0
2567-3,86010101,โรงเรียนสังกัดเอกชน,0,0,0,0,0,0,0,0,0,0,0,0,0,0,0,0,0,0,0,0,0
2567-3,86010101,โรงเรียนพระปริยัติธรรม แผนกสามัญ,0,0,0,0,0,0,0,0,0,0,0,0,0,0,0,0,0,0,0,0,0
2567-3,86010101,กศน.,0,0,0,0,0,0,0,0,0,0,0,0,0,0,0,0,0,0,0,0,0
2567-3,86010101,อื่น ๆ,0,0,0,0,0,0,0,0,0,0,0,0,0,0,0,0,0,0,0,0,0
2567-3,86010101,โรงเรียนอื่น สังกัด อบท.,0,0,0,0,0,0,0,0,0,0,0,0,0,0,0,0,0,0,0,0,0
2567-3,86010101,ศึกษาต่อต่างประเทศ,0,0,0,0,0,0,0,0,0,0,0,0,0,0,0,0,0,0,0,0,0
2567-3,86010102,นักเรียนจบทั้งหมด,30,35,65,29,35,64,1,0,1,0,0,0,0,0,0,0,0,0,0,0,0
2567-3,86010102,โรงเรียนเดิม,29,32,61,29,32,61,0,0,0,0,0,0,0,0,0,0,0,0,0,0,0
2567-3,86010102,โรงเรียนอื่น สังกัด สพฐ.,1,3,4,0,3,3,1,0,1,0,0,0,0,0,0,0,0,0,0,0,0
2567-3,86010102,โรงเรียนสังกัดเอกชน,0,0,0,0,0,0,0,0,0,0,0,0,0,0,0,0,0,0,0,0,0
2567-3,86010102,โรงเรียนพระปริยัติธรรม แผนกสามัญ,0,0,0,0,0,0,0,0,0,0,0,0,0,0,0,0,0,0,0,0,0
2567-3,86010102,กศน.,0,0,0,0,0,0,0,0,0,0,0,0,0,0,0,0,0,0,0,0,0
2567-3,86010102,อื่น ๆ,0,0,0,0,0,0,0,0,0,0,0,0,0,0,0,0,0,0,0,0,0
2567-3,86010102,โรงเรียนอื่น สังกัด อบท.,0,0,0,0,0,0,0,0,0,0,0,0,0,0,0,0,0,0,0,0,0
2567-3,86010102,ศึกษาต่อต่างประเทศ,0,0,0,0,0,0,0,0,0,0,0,0,0,0,0,0,0,0,0,0,0
2567-3,86010103,นักเรียนจบทั้งหมด,8,16,24,8,16,24,0,0,0,0,0,0,0,0,0,0,0,0,0,0,0
2567-3,86010103,โรงเรียนเดิม,8,15,23,8,15,23,0,0,0,0,0,0,0,0,0,0,0,0,0,0,0
2567-3,86010103,โรงเรียนอื่น สังกัด สพฐ.,0,1,1,0,1,1,0,0,0,0,0,0,0,0,0,0,0,0,0,0,0
2567-3,86010103,โรงเรียนสังกัดเอกชน,0,0,0,0,0,0,0,0,0,0,0,0,0,0,0,0,0,0,0,0,0
2567-3,86010103,โรงเรียนพระปริยัติธรรม แผนกสามัญ,0,0,0,0,0,0,0,0,0,0,0,0,0,0,0,0,0,0,0,0,0
2567-3,86010103,กศน.,0,0,0,0,0,0,0,0,0,0,0,0,0,0,0,0,0,0,0,0,0
2567-3,86010103,อื่น ๆ,0,0,0,0,0,0,0,0,0,0,0,0,0,0,0,0,0,0,0,0,0
2567-3,86010103,โรงเรียนอื่น สังกัด อบท.,0,0,0,0,0,0,0,0,0,0,0,0,0,0,0,0,0,0,0,0,0
2567-3,86010103,ศึกษาต่อต่างประเทศ,0,0,0,0,0,0,0,0,0,0,0,0,0,0,0,0,0,0,0,0,0
2567-3,86010104,นักเรียนจบทั้งหมด,20,13,33,18,13,31,0,0,0,0,0,0,0,0,0,1,0,1,1,0,1
2567-3,86010104,โรงเรียนเดิม,18,13,31,18,13,31,0,0,0,0,0,0,0,0,0,0,0,0,0,0,0
2567-3,86010104,โรงเรียนอื่น สังกัด สพฐ.,2,0,2,0,0,0,0,0,0,0,0,0,0,0,0,1,0,1,1,0,1
2567-3,86010104,โรงเรียนสังกัดเอกชน,0,0,0,0,0,0,0,0,0,0,0,0,0,0,0,0,0,0,0,0,0
2567-3,86010104,โรงเรียนพระปริยัติธรรม แผนกสามัญ,0,0,0,0,0,0,0,0,0,0,0,0,0,0,0,0,0,0,0,0,0
2567-3,86010104,กศน.,0,0,0,0,0,0,0,0,0,0,0,0,0,0,0,0,0,0,0,0,0
2567-3,86010104,อื่น ๆ,0,0,0,0,0,0,0,0,0,0,0,0,0,0,0,0,0,0,0,0,0
2567-3,86010104,โรงเรียนอื่น สังกัด อบท.,0,0,0,0,0,0,0,0,0,0,0,0,0,0,0,0,0,0,0,0,0
2567-3,86010104,ศึกษาต่อต่างประเทศ,0,0,0,0,0,0,0,0,0,0,0,0,0,0,0,0,0,0,0,0,0
2567-3,86010105,นักเรียนจบทั้งหมด,5,6,11,0,0,0,0,0,0,0,0,0,0,0,0,5,6,11,0,0,0
2567-3,86010105,โรงเรียนเดิม,0,0,0,0,0,0,0,0,0,0,0,0,0,0,0,0,0,0,0,0,0
2567-3,86010105,โรงเรียนอื่น สังกัด สพฐ.,5,6,11,0,0,0,0,0,0,0,0,0,0,0,0,5,6,11,0,0,0
2567-3,86010105,โรงเรียนสังกัดเอกชน,0,0,0,0,0,0,0,0,0,0,0,0,0,0,0,0,0,0,0,0,0
2567-3,86010105,โรงเรียนพระปริยัติธรรม แผนกสามัญ,0,0,0,0,0,0,0,0,0,0,0,0,0,0,0,0,0,0,0,0,0
2567-3,86010105,กศน.,0,0,0,0,0,0,0,0,0,0,0,0,0,0,0,0,0,0,0,0,0
2567-3,86010105,อื่น ๆ,0,0,0,0,0,0,0,0,0,0,0,0,0,0,0,0,0,0,0,0,0
2567-3,86010105,โรงเรียนอื่น สังกัด อบท.,0,0,0,0,0,0,0,0,0,0,0,0,0,0,0,0,0,0,0,0,0
2567-3,86010105,ศึกษาต่อต่างประเทศ,0,0,0,0,0,0,0,0,0,0,0,0,0,0,0,0,0,0,0,0,0
2567-3,86010106,นักเรียนจบทั้งหมด,6,9,15,3,7,10,0,0,0,0,0,0,0,0,0,1,1,2,2,1,3
2567-3,86010106,โรงเรียนเดิม,0,0,0,0,0,0,0,0,0,0,0,0,0,0,0,0,0,0,0,0,0
2567-3,86010106,โรงเรียนอื่น สังกัด สพฐ.,3,7,10,3,7,10,0,0,0,0,0,0,0,0,0,0,0,0,0,0,0
2567-3,86010106,โรงเรียนสังกัดเอกชน,3,2,5,0,0,0,0,0,0,0,0,0,0,0,0,1,1,2,2,1,3
2567-3,86010106,โรงเรียนพระปริยัติธรรม แผนกสามัญ,0,0,0,0,0,0,0,0,0,0,0,0,0,0,0,0,0,0,0,0,0
2567-3,86010106,กศน.,0,0,0,0,0,0,0,0,0,0,0,0,0,0,0,0,0,0,0,0,0
2567-3,86010106,อื่น ๆ,0,0,0,0,0,0,0,0,0,0,0,0,0,0,0,0,0,0,0,0,0
2567-3,86010106,โรงเรียนอื่น สังกัด อบท.,0,0,0,0,0,0,0,0,0,0,0,0,0,0,0,0,0,0,0,0,0
2567-3,86010106,ศึกษาต่อต่างประเทศ,0,0,0,0,0,0,0,0,0,0,0,0,0,0,0,0,0,0,0,0,0
2567-3,86010107,นักเรียนจบทั้งหมด,7,3,10,0,0,0,0,0,0,0,0,0,0,0,0,7,3,10,0,0,0
2567-3,86010107,โรงเรียนเดิม,0,0,0,0,0,0,0,0,0,0,0,0,0,0,0,0,0,0,0,0,0
2567-3,86010107,โรงเรียนอื่น สังกัด สพฐ.,7,3,10,0,0,0,0,0,0,0,0,0,0,0,0,7,3,10,0,0,0
2567-3,86010107,โรงเรียนสังกัดเอกชน,0,0,0,0,0,0,0,0,0,0,0,0,0,0,0,0,0,0,0,0,0
2567-3,86010107,โรงเรียนพระปริยัติธรรม แผนกสามัญ,0,0,0,0,0,0,0,0,0,0,0,0,0,0,0,0,0,0,0,0,0
2567-3,86010107,กศน.,0,0,0,0,0,0,0,0,0,0,0,0,0,0,0,0,0,0,0,0,0
2567-3,86010107,อื่น ๆ,0,0,0,0,0,0,0,0,0,0,0,0,0,0,0,0,0,0,0,0,0
2567-3,86010107,โรงเรียนอื่น สังกัด อบท.,0,0,0,0,0,0,0,0,0,0,0,0,0,0,0,0,0,0,0,0,0
2567-3,86010107,ศึกษาต่อต่างประเทศ,0,0,0,0,0,0,0,0,0,0,0,0,0,0,0,0,0,0,0,0,0
2567-3,86010108,นักเรียนจบทั้งหมด,31,24,55,29,21,50,2,2,4,0,1,1,0,0,0,0,0,0,0,0,0
2567-3,86010108,โรงเรียนเดิม,27,20,47,27,20,47,0,0,0,0,0,0,0,0,0,0,0,0,0,0,0
2567-3,86010108,โรงเรียนอื่น สังกัด สพฐ.,3,4,7,2,1,3,1,2,3,0,1,1,0,0,0,0,0,0,0,0,0
2567-3,86010108,โรงเรียนสังกัดเอกชน,1,0,1,0,0,0,1,0,1,0,0,0,0,0,0,0,0,0,0,0,0
2567-3,86010108,โรงเรียนพระปริยัติธรรม แผนกสามัญ,0,0,0,0,0,0,0,0,0,0,0,0,0,0,0,0,0,0,0,0,0
2567-3,86010108,กศน.,0,0,0,0,0,0,0,0,0,0,0,0,0,0,0,0,0,0,0,0,0
2567-3,86010108,อื่น ๆ,0,0,0,0,0,0,0,0,0,0,0,0,0,0,0,0,0,0,0,0,0
2567-3,86010108,โรงเรียนอื่น สังกัด อบท.,0,0,0,0,0,0,0,0,0,0,0,0,0,0,0,0,0,0,0,0,0
2567-3,86010108,ศึกษาต่อต่างประเทศ,0,0,0,0,0,0,0,0,0,0,0,0,0,0,0,0,0,0,0,0,0
2567-3,86010109,นักเรียนจบทั้งหมด,2,2,4,0,0,0,0,0,0,0,0,0,0,0,0,2,2,4,0,0,0
2567-3,86010109,โรงเรียนเดิม,0,0,0,0,0,0,0,0,0,0,0,0,0,0,0,0,0,0,0,0,0
2567-3,86010109,โรงเรียนอื่น สังกัด สพฐ.,2,2,4,0,0,0,0,0,0,0,0,0,0,0,0,2,2,4,0,0,0
2567-3,86010109,โรงเรียนสังกัดเอกชน,0,0,0,0,0,0,0,0,0,0,0,0,0,0,0,0,0,0,0,0,0
2567-3,86010109,โรงเรียนพระปริยัติธรรม แผนกสามัญ,0,0,0,0,0,0,0,0,0,0,0,0,0,0,0,0,0,0,0,0,0
2567-3,86010109,กศน.,0,0,0,0,0,0,0,0,0,0,0,0,0,0,0,0,0,0,0,0,0
2567-3,86010109,อื่น ๆ,0,0,0,0,0,0,0,0,0,0,0,0,0,0,0,0,0,0,0,0,0
2567-3,86010109,โรงเรียนอื่น สังกัด อบท.,0,0,0,0,0,0,0,0,0,0,0,0,0,0,0,0,0,0,0,0,0
2567-3,86010109,ศึกษาต่อต่างประเทศ,0,0,0,0,0,0,0,0,0,0,0,0,0,0,0,0,0,0,0,0,0
2567-3,86010110,นักเรียนจบทั้งหมด,5,3,8,5,2,7,0,1,1,0,0,0,0,0,0,0,0,0,0,0,0
2567-3,86010110,โรงเรียนเดิม,5,2,7,5,2,7,0,0,0,0,0,0,0,0,0,0,0,0,0,0,0
2567-3,86010110,โรงเรียนอื่น สังกัด สพฐ.,0,1,1,0,0,0,0,1,1,0,0,0,0,0,0,0,0,0,0,0,0
2567-3,86010110,โรงเรียนสังกัดเอกชน,0,0,0,0,0,0,0,0,0,0,0,0,0,0,0,0,0,0,0,0,0
2567-3,86010110,โรงเรียนพระปริยัติธรรม แผนกสามัญ,0,0,0,0,0,0,0,0,0,0,0,0,0,0,0,0,0,0,0,0,0
2567-3,86010110,กศน.,0,0,0,0,0,0,0,0,0,0,0,0,0,0,0,0,0,0,0,0,0
2567-3,86010110,อื่น ๆ,0,0,0,0,0,0,0,0,0,0,0,0,0,0,0,0,0,0,0,0,0
2567-3,86010110,โรงเรียนอื่น สังกัด อบท.,0,0,0,0,0,0,0,0,0,0,0,0,0,0,0,0,0,0,0,0,0
2567-3,86010110,ศึกษาต่อต่างประเทศ,0,0,0,0,0,0,0,0,0,0,0,0,0,0,0,0,0,0,0,0,0
2567-3,86010111,นักเรียนจบทั้งหมด,6,5,11,0,0,0,6,4,10,0,1,1,0,0,0,0,0,0,0,0,0
2567-3,86010111,โรงเรียนเดิม,0,0,0,0,0,0,0,0,0,0,0,0,0,0,0,0,0,0,0,0,0
2567-3,86010111,โรงเรียนอื่น สังกัด สพฐ.,5,5,10,0,0,0,5,4,9,0,1,1,0,0,0,0,0,0,0,0,0
2567-3,86010111,โรงเรียนสังกัดเอกชน,1,0,1,0,0,0,1,0,1,0,0,0,0,0,0,0,0,0,0,0,0
2567-3,86010111,โรงเรียนพระปริยัติธรรม แผนกสามัญ,0,0,0,0,0,0,0,0,0,0,0,0,0,0,0,0,0,0,0,0,0
2567-3,86010111,กศน.,0,0,0,0,0,0,0,0,0,0,0,0,0,0,0,0,0,0,0,0,0
2567-3,86010111,อื่น ๆ,0,0,0,0,0,0,0,0,0,0,0,0,0,0,0,0,0,0,0,0,0
2567-3,86010111,โรงเรียนอื่น สังกัด อบท.,0,0,0,0,0,0,0,0,0,0,0,0,0,0,0,0,0,0,0,0,0
2567-3,86010111,ศึกษาต่อต่างประเทศ,0,0,0,0,0,0,0,0,0,0,0,0,0,0,0,0,0,0,0,0,0
2567-3,86010112,นักเรียนจบทั้งหมด,14,6,20,0,0,0,0,0,0,0,0,0,0,0,0,13,6,19,1,0,1
2567-3,86010112,โรงเรียนเดิม,0,0,0,0,0,0,0,0,0,0,0,0,0,0,0,0,0,0,0,0,0
2567-3,86010112,โรงเรียนอื่น สังกัด สพฐ.,14,6,20,0,0,0,0,0,0,0,0,0,0,0,0,13,6,19,1,0,1
2567-3,86010112,โรงเรียนสังกัดเอกชน,0,0,0,0,0,0,0,0,0,0,0,0,0,0,0,0,0,0,0,0,0
2567-3,86010112,โรงเรียนพระปริยัติธรรม แผนกสามัญ,0,0,0,0,0,0,0,0,0,0,0,0,0,0,0,0,0,0,0,0,0
2567-3,86010112,กศน.,0,0,0,0,0,0,0,0,0,0,0,0,0,0,0,0,0,0,0,0,0
2567-3,86010112,อื่น ๆ,0,0,0,0,0,0,0,0,0,0,0,0,0,0,0,0,0,0,0,0,0
2567-3,86010112,โรงเรียนอื่น สังกัด อบท.,0,0,0,0,0,0,0,0,0,0,0,0,0,0,0,0,0,0,0,0,0
2567-3,86010112,ศึกษาต่อต่างประเทศ,0,0,0,0,0,0,0,0,0,0,0,0,0,0,0,0,0,0,0,0,0
2567-3,86010113,นักเรียนจบทั้งหมด,2,6,8,0,0,0,2,5,7,0,0,0,0,0,0,0,0,0,0,1,1
2567-3,86010113,โรงเรียนเดิม,0,0,0,0,0,0,0,0,0,0,0,0,0,0,0,0,0,0,0,0,0
2567-3,86010113,โรงเรียนอื่น สังกัด สพฐ.,2,6,8,0,0,0,2,5,7,0,0,0,0,0,0,0,0,0,0,1,1
2567-3,86010113,โรงเรียนสังกัดเอกชน,0,0,0,0,0,0,0,0,0,0,0,0,0,0,0,0,0,0,0,0,0
2567-3,86010113,โรงเรียนพระปริยัติธรรม แผนกสามัญ,0,0,0,0,0,0,0,0,0,0,0,0,0,0,0,0,0,0,0,0,0
2567-3,86010113,กศน.,0,0,0,0,0,0,0,0,0,0,0,0,0,0,0,0,0,0,0,0,0
2567-3,86010113,อื่น ๆ,0,0,0,0,0,0,0,0,0,0,0,0,0,0,0,0,0,0,0,0,0
2567-3,86010113,โรงเรียนอื่น สังกัด อบท.,0,0,0,0,0,0,0,0,0,0,0,0,0,0,0,0,0,0,0,0,0
2567-3,86010113,ศึกษาต่อต่างประเทศ,0,0,0,0,0,0,0,0,0,0,0,0,0,0,0,0,0,0,0,0,0
2567-3,86010115,นักเรียนจบทั้งหมด,9,12,21,7,9,16,1,3,4,0,0,0,0,0,0,0,0,0,1,0,1
2567-3,86010115,โรงเรียนเดิม,7,9,16,7,9,16,0,0,0,0,0,0,0,0,0,0,0,0,0,0,0
2567-3,86010115,โรงเรียนอื่น สังกัด สพฐ.,2,3,5,0,0,0,1,3,4,0,0,0,0,0,0,0,0,0,1,0,1
2567-3,86010115,โรงเรียนสังกัดเอกชน,0,0,0,0,0,0,0,0,0,0,0,0,0,0,0,0,0,0,0,0,0
2567-3,86010115,โรงเรียนพระปริยัติธรรม แผนกสามัญ,0,0,0,0,0,0,0,0,0,0,0,0,0,0,0,0,0,0,0,0,0
2567-3,86010115,กศน.,0,0,0,0,0,0,0,0,0,0,0,0,0,0,0,0,0,0,0,0,0
2567-3,86010115,อื่น ๆ,0,0,0,0,0,0,0,0,0,0,0,0,0,0,0,0,0,0,0,0,0
2567-3,86010115,โรงเรียนอื่น สังกัด อบท.,0,0,0,0,0,0,0,0,0,0,0,0,0,0,0,0,0,0,0,0,0
2567-3,86010115,ศึกษาต่อต่างประเทศ,0,0,0,0,0,0,0,0,0,0,0,0,0,0,0,0,0,0,0,0,0
2567-3,86010118,นักเรียนจบทั้งหมด,2,6,8,0,0,0,0,0,0,0,2,2,0,0,0,2,4,6,0,0,0
2567-3,86010118,โรงเรียนเดิม,0,0,0,0,0,0,0,0,0,0,0,0,0,0,0,0,0,0,0,0,0
2567-3,86010118,โรงเรียนอื่น สังกัด สพฐ.,2,6,8,0,0,0,0,0,0,0,2,2,0,0,0,2,4,6,0,0,0
2567-3,86010118,โรงเรียนสังกัดเอกชน,0,0,0,0,0,0,0,0,0,0,0,0,0,0,0,0,0,0,0,0,0
2567-3,86010118,โรงเรียนพระปริยัติธรรม แผนกสามัญ,0,0,0,0,0,0,0,0,0,0,0,0,0,0,0,0,0,0,0,0,0
2567-3,86010118,กศน.,0,0,0,0,0,0,0,0,0,0,0,0,0,0,0,0,0,0,0,0,0
2567-3,86010118,อื่น ๆ,0,0,0,0,0,0,0,0,0,0,0,0,0,0,0,0,0,0,0,0,0
2567-3,86010118,โรงเรียนอื่น สังกัด อบท.,0,0,0,0,0,0,0,0,0,0,0,0,0,0,0,0,0,0,0,0,0
2567-3,86010118,ศึกษาต่อต่างประเทศ,0,0,0,0,0,0,0,0,0,0,0,0,0,0,0,0,0,0,0,0,0
2567-3,86010119,นักเรียนจบทั้งหมด,12,10,22,0,0,0,12,10,22,0,0,0,0,0,0,0,0,0,0,0,0
2567-3,86010119,โรงเรียนเดิม,0,0,0,0,0,0,0,0,0,0,0,0,0,0,0,0,0,0,0,0,0
2567-3,86010119,โรงเรียนอื่น สังกัด สพฐ.,12,8,20,0,0,0,12,8,20,0,0,0,0,0,0,0,0,0,0,0,0
2567-3,86010119,โรงเรียนสังกัดเอกชน,0,0,0,0,0,0,0,0,0,0,0,0,0,0,0,0,0,0,0,0,0
2567-3,86010119,โรงเรียนพระปริยัติธรรม แผนกสามัญ,0,0,0,0,0,0,0,0,0,0,0,0,0,0,0,0,0,0,0,0,0
2567-3,86010119,กศน.,0,0,0,0,0,0,0,0,0,0,0,0,0,0,0,0,0,0,0,0,0
2567-3,86010119,อื่น ๆ,0,0,0,0,0,0,0,0,0,0,0,0,0,0,0,0,0,0,0,0,0
2567-3,86010119,โรงเรียนอื่น สังกัด อบท.,0,2,2,0,0,0,0,2,2,0,0,0,0,0,0,0,0,0,0,0,0
2567-3,86010119,ศึกษาต่อต่างประเทศ,0,0,0,0,0,0,0,0,0,0,0,0,0,0,0,0,0,0,0,0,0
2567-3,86010120,นักเรียนจบทั้งหมด,4,7,11,4,7,11,0,0,0,0,0,0,0,0,0,0,0,0,0,0,0
2567-3,86010120,โรงเรียนเดิม,0,0,0,0,0,0,0,0,0,0,0,0,0,0,0,0,0,0,0,0,0
2567-3,86010120,โรงเรียนอื่น สังกัด สพฐ.,4,7,11,4,7,11,0,0,0,0,0,0,0,0,0,0,0,0,0,0,0
2567-3,86010120,โรงเรียนสังกัดเอกชน,0,0,0,0,0,0,0,0,0,0,0,0,0,0,0,0,0,0,0,0,0
2567-3,86010120,โรงเรียนพระปริยัติธรรม แผนกสามัญ,0,0,0,0,0,0,0,0,0,0,0,0,0,0,0,0,0,0,0,0,0
2567-3,86010120,กศน.,0,0,0,0,0,0,0,0,0,0,0,0,0,0,0,0,0,0,0,0,0
2567-3,86010120,อื่น ๆ,0,0,0,0,0,0,0,0,0,0,0,0,0,0,0,0,0,0,0,0,0
2567-3,86010120,โรงเรียนอื่น สังกัด อบท.,0,0,0,0,0,0,0,0,0,0,0,0,0,0,0,0,0,0,0,0,0
2567-3,86010120,ศึกษาต่อต่างประเทศ,0,0,0,0,0,0,0,0,0,0,0,0,0,0,0,0,0,0,0,0,0
2567-3,86010121,นักเรียนจบทั้งหมด,6,5,11,6,5,11,0,0,0,0,0,0,0,0,0,0,0,0,0,0,0
2567-3,86010121,โรงเรียนเดิม,6,5,11,6,5,11,0,0,0,0,0,0,0,0,0,0,0,0,0,0,0
2567-3,86010121,โรงเรียนอื่น สังกัด สพฐ.,0,0,0,0,0,0,0,0,0,0,0,0,0,0,0,0,0,0,0,0,0
2567-3,86010121,โรงเรียนสังกัดเอกชน,0,0,0,0,0,0,0,0,0,0,0,0,0,0,0,0,0,0,0,0,0
2567-3,86010121,โรงเรียนพระปริยัติธรรม แผนกสามัญ,0,0,0,0,0,0,0,0,0,0,0,0,0,0,0,0,0,0,0,0,0
2567-3,86010121,กศน.,0,0,0,0,0,0,0,0,0,0,0,0,0,0,0,0,0,0,0,0,0
2567-3,86010121,อื่น ๆ,0,0,0,0,0,0,0,0,0,0,0,0,0,0,0,0,0,0,0,0,0
2567-3,86010121,โรงเรียนอื่น สังกัด อบท.,0,0,0,0,0,0,0,0,0,0,0,0,0,0,0,0,0,0,0,0,0
2567-3,86010121,ศึกษาต่อต่างประเทศ,0,0,0,0,0,0,0,0,0,0,0,0,0,0,0,0,0,0,0,0,0
2567-3,86010122,นักเรียนจบทั้งหมด,5,3,8,0,0,0,0,0,0,0,0,0,0,0,0,5,3,8,0,0,0
2567-3,86010122,โรงเรียนเดิม,0,0,0,0,0,0,0,0,0,0,0,0,0,0,0,0,0,0,0,0,0
2567-3,86010122,โรงเรียนอื่น สังกัด สพฐ.,0,0,0,0,0,0,0,0,0,0,0,0,0,0,0,0,0,0,0,0,0
2567-3,86010122,โรงเรียนสังกัดเอกชน,0,0,0,0,0,0,0,0,0,0,0,0,0,0,0,0,0,0,0,0,0
2567-3,86010122,โรงเรียนพระปริยัติธรรม แผนกสามัญ,0,0,0,0,0,0,0,0,0,0,0,0,0,0,0,0,0,0,0,0,0
2567-3,86010122,กศน.,0,0,0,0,0,0,0,0,0,0,0,0,0,0,0,0,0,0,0,0,0
2567-3,86010122,อื่น ๆ,5,3,8,0,0,0,0,0,0,0,0,0,0,0,0,5,3,8,0,0,0
2567-3,86010122,โรงเรียนอื่น สังกัด อบท.,0,0,0,0,0,0,0,0,0,0,0,0,0,0,0,0,0,0,0,0,0
2567-3,86010122,ศึกษาต่อต่างประเทศ,0,0,0,0,0,0,0,0,0,0,0,0,0,0,0,0,0,0,0,0,0
2567-3,86010124,นักเรียนจบทั้งหมด,3,5,8,0,0,0,3,5,8,0,0,0,0,0,0,0,0,0,0,0,0
2567-3,86010124,โรงเรียนเดิม,0,0,0,0,0,0,0,0,0,0,0,0,0,0,0,0,0,0,0,0,0
2567-3,86010124,โรงเรียนอื่น สังกัด สพฐ.,3,5,8,0,0,0,3,5,8,0,0,0,0,0,0,0,0,0,0,0,0
2567-3,86010124,โรงเรียนสังกัดเอกชน,0,0,0,0,0,0,0,0,0,0,0,0,0,0,0,0,0,0,0,0,0
2567-3,86010124,โรงเรียนพระปริยัติธรรม แผนกสามัญ,0,0,0,0,0,0,0,0,0,0,0,0,0,0,0,0,0,0,0,0,0
2567-3,86010124,กศน.,0,0,0,0,0,0,0,0,0,0,0,0,0,0,0,0,0,0,0,0,0
2567-3,86010124,อื่น ๆ,0,0,0,0,0,0,0,0,0,0,0,0,0,0,0,0,0,0,0,0,0
2567-3,86010124,โรงเรียนอื่น สังกัด อบท.,0,0,0,0,0,0,0,0,0,0,0,0,0,0,0,0,0,0,0,0,0
2567-3,86010124,ศึกษาต่อต่างประเทศ,0,0,0,0,0,0,0,0,0,0,0,0,0,0,0,0,0,0,0,0,0
2567-3,86010126,นักเรียนจบทั้งหมด,4,2,6,0,0,0,4,2,6,0,0,0,0,0,0,0,0,0,0,0,0
2567-3,86010126,โรงเรียนเดิม,0,0,0,0,0,0,0,0,0,0,0,0,0,0,0,0,0,0,0,0,0
2567-3,86010126,โรงเรียนอื่น สังกัด สพฐ.,4,2,6,0,0,0,4,2,6,0,0,0,0,0,0,0,0,0,0,0,0
2567-3,86010126,โรงเรียนสังกัดเอกชน,0,0,0,0,0,0,0,0,0,0,0,0,0,0,0,0,0,0,0,0,0
2567-3,86010126,โรงเรียนพระปริยัติธรรม แผนกสามัญ,0,0,0,0,0,0,0,0,0,0,0,0,0,0,0,0,0,0,0,0,0
2567-3,86010126,กศน.,0,0,0,0,0,0,0,0,0,0,0,0,0,0,0,0,0,0,0,0,0
2567-3,86010126,อื่น ๆ,0,0,0,0,0,0,0,0,0,0,0,0,0,0,0,0,0,0,0,0,0
2567-3,86010126,โรงเรียนอื่น สังกัด อบท.,0,0,0,0,0,0,0,0,0,0,0,0,0,0,0,0,0,0,0,0,0
2567-3,86010126,ศึกษาต่อต่างประเทศ,0,0,0,0,0,0,0,0,0,0,0,0,0,0,0,0,0,0,0,0,0
2567-3,86010127,นักเรียนจบทั้งหมด,4,6,10,0,0,0,0,0,0,2,2,4,0,0,0,2,4,6,0,0,0
2567-3,86010127,โรงเรียนเดิม,0,0,0,0,0,0,0,0,0,0,0,0,0,0,0,0,0,0,0,0,0
2567-3,86010127,โรงเรียนอื่น สังกัด สพฐ.,2,4,6,0,0,0,0,0,0,0,0,0,0,0,0,2,4,6,0,0,0
2567-3,86010127,โรงเรียนสังกัดเอกชน,0,0,0,0,0,0,0,0,0,0,0,0,0,0,0,0,0,0,0,0,0
2567-3,86010127,โรงเรียนพระปริยัติธรรม แผนกสามัญ,0,0,0,0,0,0,0,0,0,0,0,0,0,0,0,0,0,0,0,0,0
2567-3,86010127,กศน.,0,0,0,0,0,0,0,0,0,0,0,0,0,0,0,0,0,0,0,0,0
2567-3,86010127,อื่น ๆ,0,0,0,0,0,0,0,0,0,0,0,0,0,0,0,0,0,0,0,0,0
2567-3,86010127,โรงเรียนอื่น สังกัด อบท.,0,0,0,0,0,0,0,0,0,0,0,0,0,0,0,0,0,0,0,0,0
2567-3,86010127,ศึกษาต่อต่างประเทศ,2,2,4,0,0,0,0,0,0,2,2,4,0,0,0,0,0,0,0,0,0
2567-3,86010128,นักเรียนจบทั้งหมด,88,72,160,0,0,0,78,68,146,4,1,5,0,0,0,3,1,4,3,2,5
2567-3,86010128,โรงเรียนเดิม,0,0,0,0,0,0,0,0,0,0,0,0,0,0,0,0,0,0,0,0,0
2567-3,86010128,โรงเรียนอื่น สังกัด สพฐ.,80,68,148,0,0,0,78,68,146,2,0,2,0,0,0,0,0,0,0,0,0
2567-3,86010128,โรงเรียนสังกัดเอกชน,5,4,9,0,0,0,0,0,0,2,1,3,0,0,0,1,1,2,2,2,4
2567-3,86010128,โรงเรียนพระปริยัติธรรม แผนกสามัญ,0,0,0,0,0,0,0,0,0,0,0,0,0,0,0,0,0,0,0,0,0
2567-3,86010128,กศน.,2,0,2,0,0,0,0,0,0,0,0,0,0,0,0,1,0,1,1,0,1
2567-3,86010128,อื่น ๆ,1,0,1,0,0,0,0,0,0,0,0,0,0,0,0,1,0,1,0,0,0
2567-3,86010128,โรงเรียนอื่น สังกัด อบท.,0,0,0,0,0,0,0,0,0,0,0,0,0,0,0,0,0,0,0,0,0
2567-3,86010128,ศึกษาต่อต่างประเทศ,0,0,0,0,0,0,0,0,0,0,0,0,0,0,0,0,0,0,0,0,0
2567-3,86010129,นักเรียนจบทั้งหมด,5,6,11,5,6,11,0,0,0,0,0,0,0,0,0,0,0,0,0,0,0
2567-3,86010129,โรงเรียนเดิม,0,0,0,0,0,0,0,0,0,0,0,0,0,0,0,0,0,0,0,0,0
2567-3,86010129,โรงเรียนอื่น สังกัด สพฐ.,5,6,11,5,6,11,0,0,0,0,0,0,0,0,0,0,0,0,0,0,0
2567-3,86010129,โรงเรียนสังกัดเอกชน,0,0,0,0,0,0,0,0,0,0,0,0,0,0,0,0,0,0,0,0,0
2567-3,86010129,โรงเรียนพระปริยัติธรรม แผนกสามัญ,0,0,0,0,0,0,0,0,0,0,0,0,0,0,0,0,0,0,0,0,0
2567-3,86010129,กศน.,0,0,0,0,0,0,0,0,0,0,0,0,0,0,0,0,0,0,0,0,0
2567-3,86010129,อื่น ๆ,0,0,0,0,0,0,0,0,0,0,0,0,0,0,0,0,0,0,0,0,0
2567-3,86010129,โรงเรียนอื่น สังกัด อบท.,0,0,0,0,0,0,0,0,0,0,0,0,0,0,0,0,0,0,0,0,0
2567-3,86010129,ศึกษาต่อต่างประเทศ,0,0,0,0,0,0,0,0,0,0,0,0,0,0,0,0,0,0,0,0,0
2567-3,86010130,นักเรียนจบทั้งหมด,15,4,19,0,0,0,14,4,18,0,0,0,0,0,0,1,0,1,0,0,0
2567-3,86010130,โรงเรียนเดิม,0,0,0,0,0,0,0,0,0,0,0,0,0,0,0,0,0,0,0,0,0
2567-3,86010130,โรงเรียนอื่น สังกัด สพฐ.,14,4,18,0,0,0,14,4,18,0,0,0,0,0,0,0,0,0,0,0,0
2567-3,86010130,โรงเรียนสังกัดเอกชน,0,0,0,0,0,0,0,0,0,0,0,0,0,0,0,0,0,0,0,0,0
2567-3,86010130,โรงเรียนพระปริยัติธรรม แผนกสามัญ,0,0,0,0,0,0,0,0,0,0,0,0,0,0,0,0,0,0,0,0,0
2567-3,86010130,กศน.,0,0,0,0,0,0,0,0,0,0,0,0,0,0,0,0,0,0,0,0,0
2567-3,86010130,อื่น ๆ,1,0,1,0,0,0,0,0,0,0,0,0,0,0,0,1,0,1,0,0,0
2567-3,86010130,โรงเรียนอื่น สังกัด อบท.,0,0,0,0,0,0,0,0,0,0,0,0,0,0,0,0,0,0,0,0,0
2567-3,86010130,ศึกษาต่อต่างประเทศ,0,0,0,0,0,0,0,0,0,0,0,0,0,0,0,0,0,0,0,0,0
2567-3,86010131,นักเรียนจบทั้งหมด,10,9,19,6,7,13,0,0,0,0,0,0,0,0,0,4,2,6,0,0,0
2567-3,86010131,โรงเรียนเดิม,5,7,12,5,7,12,0,0,0,0,0,0,0,0,0,0,0,0,0,0,0
2567-3,86010131,โรงเรียนอื่น สังกัด สพฐ.,3,1,4,1,0,1,0,0,0,0,0,0,0,0,0,2,1,3,0,0,0
2567-3,86010131,โรงเรียนสังกัดเอกชน,0,0,0,0,0,0,0,0,0,0,0,0,0,0,0,0,0,0,0,0,0
2567-3,86010131,โรงเรียนพระปริยัติธรรม แผนกสามัญ,0,0,0,0,0,0,0,0,0,0,0,0,0,0,0,0,0,0,0,0,0
2567-3,86010131,กศน.,0,0,0,0,0,0,0,0,0,0,0,0,0,0,0,0,0,0,0,0,0
2567-3,86010131,อื่น ๆ,1,1,2,0,0,0,0,0,0,0,0,0,0,0,0,1,1,2,0,0,0
2567-3,86010131,โรงเรียนอื่น สังกัด อบท.,1,0,1,0,0,0,0,0,0,0,0,0,0,0,0,1,0,1,0,0,0
2567-3,86010131,ศึกษาต่อต่างประเทศ,0,0,0,0,0,0,0,0,0,0,0,0,0,0,0,0,0,0,0,0,0
2567-3,86010132,นักเรียนจบทั้งหมด,7,1,8,1,0,1,1,0,1,0,0,0,0,0,0,5,1,6,0,0,0
2567-3,86010132,โรงเรียนเดิม,0,0,0,0,0,0,0,0,0,0,0,0,0,0,0,0,0,0,0,0,0
2567-3,86010132,โรงเรียนอื่น สังกัด สพฐ.,7,1,8,1,0,1,1,0,1,0,0,0,0,0,0,5,1,6,0,0,0
2567-3,86010132,โรงเรียนสังกัดเอกชน,0,0,0,0,0,0,0,0,0,0,0,0,0,0,0,0,0,0,0,0,0
2567-3,86010132,โรงเรียนพระปริยัติธรรม แผนกสามัญ,0,0,0,0,0,0,0,0,0,0,0,0,0,0,0,0,0,0,0,0,0
2567-3,86010132,กศน.,0,0,0,0,0,0,0,0,0,0,0,0,0,0,0,0,0,0,0,0,0
2567-3,86010132,อื่น ๆ,0,0,0,0,0,0,0,0,0,0,0,0,0,0,0,0,0,0,0,0,0
2567-3,86010132,โรงเรียนอื่น สังกัด อบท.,0,0,0,0,0,0,0,0,0,0,0,0,0,0,0,0,0,0,0,0,0
2567-3,86010132,ศึกษาต่อต่างประเทศ,0,0,0,0,0,0,0,0,0,0,0,0,0,0,0,0,0,0,0,0,0
2567-3,86010133,นักเรียนจบทั้งหมด,37,40,77,0,0,0,37,40,77,0,0,0,0,0,0,0,0,0,0,0,0
2567-3,86010133,โรงเรียนเดิม,0,0,0,0,0,0,0,0,0,0,0,0,0,0,0,0,0,0,0,0,0
2567-3,86010133,โรงเรียนอื่น สังกัด สพฐ.,0,0,0,0,0,0,0,0,0,0,0,0,0,0,0,0,0,0,0,0,0
2567-3,86010133,โรงเรียนสังกัดเอกชน,0,0,0,0,0,0,0,0,0,0,0,0,0,0,0,0,0,0,0,0,0
2567-3,86010133,โรงเรียนพระปริยัติธรรม แผนกสามัญ,0,0,0,0,0,0,0,0,0,0,0,0,0,0,0,0,0,0,0,0,0
2567-3,86010133,กศน.,0,0,0,0,0,0,0,0,0,0,0,0,0,0,0,0,0,0,0,0,0
2567-3,86010133,อื่น ๆ,37,40,77,0,0,0,37,40,77,0,0,0,0,0,0,0,0,0,0,0,0
2567-3,86010133,โรงเรียนอื่น สังกัด อบท.,0,0,0,0,0,0,0,0,0,0,0,0,0,0,0,0,0,0,0,0,0
2567-3,86010133,ศึกษาต่อต่างประเทศ,0,0,0,0,0,0,0,0,0,0,0,0,0,0,0,0,0,0,0,0,0
2567-3,86010134,นักเรียนจบทั้งหมด,8,12,20,0,0,0,8,12,20,0,0,0,0,0,0,0,0,0,0,0,0
2567-3,86010134,โรงเรียนเดิม,0,0,0,0,0,0,0,0,0,0,0,0,0,0,0,0,0,0,0,0,0
2567-3,86010134,โรงเรียนอื่น สังกัด สพฐ.,8,12,20,0,0,0,8,12,20,0,0,0,0,0,0,0,0,0,0,0,0
2567-3,86010134,โรงเรียนสังกัดเอกชน,0,0,0,0,0,0,0,0,0,0,0,0,0,0,0,0,0,0,0,0,0
2567-3,86010134,โรงเรียนพระปริยัติธรรม แผนกสามัญ,0,0,0,0,0,0,0,0,0,0,0,0,0,0,0,0,0,0,0,0,0
2567-3,86010134,กศน.,0,0,0,0,0,0,0,0,0,0,0,0,0,0,0,0,0,0,0,0,0
2567-3,86010134,อื่น ๆ,0,0,0,0,0,0,0,0,0,0,0,0,0,0,0,0,0,0,0,0,0
2567-3,86010134,โรงเรียนอื่น สังกัด อบท.,0,0,0,0,0,0,0,0,0,0,0,0,0,0,0,0,0,0,0,0,0
2567-3,86010134,ศึกษาต่อต่างประเทศ,0,0,0,0,0,0,0,0,0,0,0,0,0,0,0,0,0,0,0,0,0
2567-3,86010136,นักเรียนจบทั้งหมด,1,2,3,0,1,1,0,0,0,1,1,2,0,0,0,0,0,0,0,0,0
2567-3,86010136,โรงเรียนเดิม,0,0,0,0,0,0,0,0,0,0,0,0,0,0,0,0,0,0,0,0,0
2567-3,86010136,โรงเรียนอื่น สังกัด สพฐ.,1,2,3,0,1,1,0,0,0,1,1,2,0,0,0,0,0,0,0,0,0
2567-3,86010136,โรงเรียนสังกัดเอกชน,0,0,0,0,0,0,0,0,0,0,0,0,0,0,0,0,0,0,0,0,0
2567-3,86010136,โรงเรียนพระปริยัติธรรม แผนกสามัญ,0,0,0,0,0,0,0,0,0,0,0,0,0,0,0,0,0,0,0,0,0
2567-3,86010136,กศน.,0,0,0,0,0,0,0,0,0,0,0,0,0,0,0,0,0,0,0,0,0
2567-3,86010136,อื่น ๆ,0,0,0,0,0,0,0,0,0,0,0,0,0,0,0,0,0,0,0,0,0
2567-3,86010136,โรงเรียนอื่น สังกัด อบท.,0,0,0,0,0,0,0,0,0,0,0,0,0,0,0,0,0,0,0,0,0
2567-3,86010136,ศึกษาต่อต่างประเทศ,0,0,0,0,0,0,0,0,0,0,0,0,0,0,0,0,0,0,0,0,0
2567-3,86010137,นักเรียนจบทั้งหมด,5,3,8,0,0,0,5,3,8,0,0,0,0,0,0,0,0,0,0,0,0
2567-3,86010137,โรงเรียนเดิม,0,0,0,0,0,0,0,0,0,0,0,0,0,0,0,0,0,0,0,0,0
2567-3,86010137,โรงเรียนอื่น สังกัด สพฐ.,5,3,8,0,0,0,5,3,8,0,0,0,0,0,0,0,0,0,0,0,0
2567-3,86010137,โรงเรียนสังกัดเอกชน,0,0,0,0,0,0,0,0,0,0,0,0,0,0,0,0,0,0,0,0,0
2567-3,86010137,โรงเรียนพระปริยัติธรรม แผนกสามัญ,0,0,0,0,0,0,0,0,0,0,0,0,0,0,0,0,0,0,0,0,0
2567-3,86010137,กศน.,0,0,0,0,0,0,0,0,0,0,0,0,0,0,0,0,0,0,0,0,0
2567-3,86010137,อื่น ๆ,0,0,0,0,0,0,0,0,0,0,0,0,0,0,0,0,0,0,0,0,0
2567-3,86010137,โรงเรียนอื่น สังกัด อบท.,0,0,0,0,0,0,0,0,0,0,0,0,0,0,0,0,0,0,0,0,0
2567-3,86010137,ศึกษาต่อต่างประเทศ,0,0,0,0,0,0,0,0,0,0,0,0,0,0,0,0,0,0,0,0,0
2567-3,86010139,นักเรียนจบทั้งหมด,13,11,24,0,0,0,0,0,0,0,0,0,0,0,0,12,10,22,1,1,2
2567-3,86010139,โรงเรียนเดิม,0,0,0,0,0,0,0,0,0,0,0,0,0,0,0,0,0,0,0,0,0
2567-3,86010139,โรงเรียนอื่น สังกัด สพฐ.,13,11,24,0,0,0,0,0,0,0,0,0,0,0,0,12,10,22,1,1,2
2567-3,86010139,โรงเรียนสังกัดเอกชน,0,0,0,0,0,0,0,0,0,0,0,0,0,0,0,0,0,0,0,0,0
2567-3,86010139,โรงเรียนพระปริยัติธรรม แผนกสามัญ,0,0,0,0,0,0,0,0,0,0,0,0,0,0,0,0,0,0,0,0,0
2567-3,86010139,กศน.,0,0,0,0,0,0,0,0,0,0,0,0,0,0,0,0,0,0,0,0,0
2567-3,86010139,อื่น ๆ,0,0,0,0,0,0,0,0,0,0,0,0,0,0,0,0,0,0,0,0,0
2567-3,86010139,โรงเรียนอื่น สังกัด อบท.,0,0,0,0,0,0,0,0,0,0,0,0,0,0,0,0,0,0,0,0,0
2567-3,86010139,ศึกษาต่อต่างประเทศ,0,0,0,0,0,0,0,0,0,0,0,0,0,0,0,0,0,0,0,0,0
2567-3,86010140,นักเรียนจบทั้งหมด,7,11,18,6,9,15,1,2,3,0,0,0,0,0,0,0,0,0,0,0,0
2567-3,86010140,โรงเรียนเดิม,6,9,15,6,9,15,0,0,0,0,0,0,0,0,0,0,0,0,0,0,0
2567-3,86010140,โรงเรียนอื่น สังกัด สพฐ.,1,2,3,0,0,0,1,2,3,0,0,0,0,0,0,0,0,0,0,0,0
2567-3,86010140,โรงเรียนสังกัดเอกชน,0,0,0,0,0,0,0,0,0,0,0,0,0,0,0,0,0,0,0,0,0
2567-3,86010140,โรงเรียนพระปริยัติธรรม แผนกสามัญ,0,0,0,0,0,0,0,0,0,0,0,0,0,0,0,0,0,0,0,0,0
2567-3,86010140,กศน.,0,0,0,0,0,0,0,0,0,0,0,0,0,0,0,0,0,0,0,0,0
2567-3,86010140,อื่น ๆ,0,0,0,0,0,0,0,0,0,0,0,0,0,0,0,0,0,0,0,0,0
2567-3,86010140,โรงเรียนอื่น สังกัด อบท.,0,0,0,0,0,0,0,0,0,0,0,0,0,0,0,0,0,0,0,0,0
2567-3,86010140,ศึกษาต่อต่างประเทศ,0,0,0,0,0,0,0,0,0,0,0,0,0,0,0,0,0,0,0,0,0
2567-3,86010142,นักเรียนจบทั้งหมด,16,20,36,9,11,20,0,0,0,0,0,0,0,1,1,7,7,14,0,1,1
2567-3,86010142,โรงเรียนเดิม,9,11,20,9,11,20,0,0,0,0,0,0,0,0,0,0,0,0,0,0,0
2567-3,86010142,โรงเรียนอื่น สังกัด สพฐ.,4,6,10,0,0,0,0,0,0,0,0,0,0,1,1,4,4,8,0,1,1
2567-3,86010142,โรงเรียนสังกัดเอกชน,0,0,0,0,0,0,0,0,0,0,0,0,0,0,0,0,0,0,0,0,0
2567-3,86010142,โรงเรียนพระปริยัติธรรม แผนกสามัญ,0,0,0,0,0,0,0,0,0,0,0,0,0,0,0,0,0,0,0,0,0
2567-3,86010142,กศน.,1,0,1,0,0,0,0,0,0,0,0,0,0,0,0,1,0,1,0,0,0
2567-3,86010142,อื่น ๆ,0,0,0,0,0,0,0,0,0,0,0,0,0,0,0,0,0,0,0,0,0
2567-3,86010142,โรงเรียนอื่น สังกัด อบท.,2,3,5,0,0,0,0,0,0,0,0,0,0,0,0,2,3,5,0,0,0
2567-3,86010142,ศึกษาต่อต่างประเทศ,0,0,0,0,0,0,0,0,0,0,0,0,0,0,0,0,0,0,0,0,0
2567-3,86010143,นักเรียนจบทั้งหมด,15,2,17,13,1,14,2,1,3,0,0,0,0,0,0,0,0,0,0,0,0
2567-3,86010143,โรงเรียนเดิม,0,0,0,0,0,0,0,0,0,0,0,0,0,0,0,0,0,0,0,0,0
2567-3,86010143,โรงเรียนอื่น สังกัด สพฐ.,15,2,17,13,1,14,2,1,3,0,0,0,0,0,0,0,0,0,0,0,0
2567-3,86010143,โรงเรียนสังกัดเอกชน,0,0,0,0,0,0,0,0,0,0,0,0,0,0,0,0,0,0,0,0,0
2567-3,86010143,โรงเรียนพระปริยัติธรรม แผนกสามัญ,0,0,0,0,0,0,0,0,0,0,0,0,0,0,0,0,0,0,0,0,0
2567-3,86010143,กศน.,0,0,0,0,0,0,0,0,0,0,0,0,0,0,0,0,0,0,0,0,0
2567-3,86010143,อื่น ๆ,0,0,0,0,0,0,0,0,0,0,0,0,0,0,0,0,0,0,0,0,0
2567-3,86010143,โรงเรียนอื่น สังกัด อบท.,0,0,0,0,0,0,0,0,0,0,0,0,0,0,0,0,0,0,0,0,0
2567-3,86010143,ศึกษาต่อต่างประเทศ,0,0,0,0,0,0,0,0,0,0,0,0,0,0,0,0,0,0,0,0,0
2567-3,86010145,นักเรียนจบทั้งหมด,10,9,19,10,9,19,0,0,0,0,0,0,0,0,0,0,0,0,0,0,0
2567-3,86010145,โรงเรียนเดิม,7,5,12,7,5,12,0,0,0,0,0,0,0,0,0,0,0,0,0,0,0
2567-3,86010145,โรงเรียนอื่น สังกัด สพฐ.,3,4,7,3,4,7,0,0,0,0,0,0,0,0,0,0,0,0,0,0,0
2567-3,86010145,โรงเรียนสังกัดเอกชน,0,0,0,0,0,0,0,0,0,0,0,0,0,0,0,0,0,0,0,0,0
2567-3,86010145,โรงเรียนพระปริยัติธรรม แผนกสามัญ,0,0,0,0,0,0,0,0,0,0,0,0,0,0,0,0,0,0,0,0,0
2567-3,86010145,กศน.,0,0,0,0,0,0,0,0,0,0,0,0,0,0,0,0,0,0,0,0,0
2567-3,86010145,อื่น ๆ,0,0,0,0,0,0,0,0,0,0,0,0,0,0,0,0,0,0,0,0,0
2567-3,86010145,โรงเรียนอื่น สังกัด อบท.,0,0,0,0,0,0,0,0,0,0,0,0,0,0,0,0,0,0,0,0,0
2567-3,86010145,ศึกษาต่อต่างประเทศ,0,0,0,0,0,0,0,0,0,0,0,0,0,0,0,0,0,0,0,0,0
2567-3,86010000,นักเรียนจบทั้งหมด,1443,1252,2695,791,635,1426,426,434,860,18,27,45,2,2,4,189,146,335,17,8,25
2567-3,86010000,โรงเรียนเดิม,568,431,999,568,431,999,0,0,0,0,0,0,0,0,0,0,0,0,0,0,0
2567-3,86010000,โรงเรียนอื่น สังกัด สพฐ.,708,691,1399,214,199,413,375,383,758,10,23,33,0,1,1,99,81,180,10,4,14
2567-3,86010000,โรงเรียนสังกัดเอกชน,34,19,53,2,0,2,4,0,4,4,1,5,2,0,2,17,15,32,5,3,8
2567-3,86010000,โรงเรียนพระปริยัติธรรม แผนกสามัญ,1,0,1,1,0,1,0,0,0,0,0,0,0,0,0,0,0,0,0,0,0
2567-3,86010000,กศน.,6,0,6,1,0,1,1,0,1,0,0,0,0,0,0,3,0,3,1,0,1
2567-3,86010000,อื่น ๆ,85,84,169,5,5,10,44,48,92,2,1,3,0,1,1,34,28,62,0,1,1
2567-3,86010000,โรงเรียนอื่น สังกัด อบท.,38,25,63,0,0,0,2,3,5,0,0,0,0,0,0,36,22,58,0,0,0
2567-3,86010000,ศึกษาต่อต่างประเทศ,3,2,5,0,0,0,0,0,0,2,2,4,0,0,0,0,0,0,1,0,1
