2568-3,86010001,นักเรียนจบทั้งหมด,1,7,8,12,6,18,3,8,11,0,0,0,0,0,0,0,0,0
2568-3,86010001,เรียนจบภายในเวลา 1 ปี,0,0,0,0,0,0,0,0,0,0,0,0,0,0,0,0,0,0
2568-3,86010001,2 ปี,0,0,0,0,0,0,0,0,0,0,0,0,0,0,0,0,0,0
2568-3,86010001,มากกว่า 2 ปี,1,7,8,0,0,0,0,0,0,0,0,0,0,0,0,0,0,0
2568-3,86010001,เรียนจบภายในเวลา 3 ปี,0,0,0,12,6,18,3,8,11,0,0,0,0,0,0,0,0,0
2568-3,86010001,4 ปี,0,0,0,0,0,0,0,0,0,0,0,0,0,0,0,0,0,0
2568-3,86010001,5 ปี,0,0,0,0,0,0,0,0,0,0,0,0,0,0,0,0,0,0
2568-3,86010001,มากกว่า 5 ปี,0,0,0,0,0,0,0,0,0,0,0,0,0,0,0,0,0,0
2568-3,86010002,นักเรียนจบทั้งหมด,5,8,13,9,8,17,10,3,13,13,6,19,0,0,0,0,0,0
2568-3,86010002,เรียนจบภายในเวลา 1 ปี,0,0,0,0,0,0,0,0,0,0,0,0,0,0,0,0,0,0
2568-3,86010002,2 ปี,0,0,0,0,0,0,0,0,0,0,0,0,0,0,0,0,0,0
2568-3,86010002,มากกว่า 2 ปี,5,8,13,0,0,0,0,0,0,0,0,0,0,0,0,0,0,0
2568-3,86010002,เรียนจบภายในเวลา 3 ปี,0,0,0,9,8,17,10,3,13,13,6,19,0,0,0,0,0,0
2568-3,86010002,4 ปี,0,0,0,0,0,0,0,0,0,0,0,0,0,0,0,0,0,0
2568-3,86010002,5 ปี,0,0,0,0,0,0,0,0,0,0,0,0,0,0,0,0,0,0
2568-3,86010002,มากกว่า 5 ปี,0,0,0,0,0,0,0,0,0,0,0,0,0,0,0,0,0,0
2568-3,86010004,นักเรียนจบทั้งหมด,3,2,5,2,1,3,4,11,15,0,0,0,0,0,0,0,0,0
2568-3,86010004,เรียนจบภายในเวลา 1 ปี,0,0,0,0,0,0,0,0,0,0,0,0,0,0,0,0,0,0
2568-3,86010004,2 ปี,3,2,5,0,0,0,0,0,0,0,0,0,0,0,0,0,0,0
2568-3,86010004,มากกว่า 2 ปี,0,0,0,0,0,0,0,0,0,0,0,0,0,0,0,0,0,0
2568-3,86010004,เรียนจบภายในเวลา 3 ปี,0,0,0,2,1,3,4,11,15,0,0,0,0,0,0,0,0,0
2568-3,86010004,4 ปี,0,0,0,0,0,0,0,0,0,0,0,0,0,0,0,0,0,0
2568-3,86010004,5 ปี,0,0,0,0,0,0,0,0,0,0,0,0,0,0,0,0,0,0
2568-3,86010004,มากกว่า 5 ปี,0,0,0,0,0,0,0,0,0,0,0,0,0,0,0,0,0,0
2568-3,86010006,นักเรียนจบทั้งหมด,10,11,21,8,4,12,12,3,15,15,4,19,0,0,0,0,0,0
2568-3,86010006,เรียนจบภายในเวลา 1 ปี,0,0,0,0,0,0,0,0,0,0,0,0,0,0,0,0,0,0
2568-3,86010006,2 ปี,0,0,0,0,0,0,0,0,0,0,0,0,0,0,0,0,0,0
2568-3,86010006,มากกว่า 2 ปี,10,11,21,0,0,0,0,0,0,0,0,0,0,0,0,0,0,0
2568-3,86010006,เรียนจบภายในเวลา 3 ปี,0,0,0,8,4,12,12,3,15,15,4,19,0,0,0,0,0,0
2568-3,86010006,4 ปี,0,0,0,0,0,0,0,0,0,0,0,0,0,0,0,0,0,0
2568-3,86010006,5 ปี,0,0,0,0,0,0,0,0,0,0,0,0,0,0,0,0,0,0
2568-3,86010006,มากกว่า 5 ปี,0,0,0,0,0,0,0,0,0,0,0,0,0,0,0,0,0,0
2568-3,86010008,นักเรียนจบทั้งหมด,91,108,199,155,164,319,131,174,305,0,0,0,0,0,0,0,0,0
2568-3,86010008,เรียนจบภายในเวลา 1 ปี,0,0,0,0,0,0,0,0,0,0,0,0,0,0,0,0,0,0
2568-3,86010008,2 ปี,0,0,0,0,0,0,0,0,0,0,0,0,0,0,0,0,0,0
2568-3,86010008,มากกว่า 2 ปี,91,108,199,0,0,0,0,0,0,0,0,0,0,0,0,0,0,0
2568-3,86010008,เรียนจบภายในเวลา 3 ปี,0,0,0,155,164,319,131,174,305,0,0,0,0,0,0,0,0,0
2568-3,86010008,4 ปี,0,0,0,0,0,0,0,0,0,0,0,0,0,0,0,0,0,0
2568-3,86010008,5 ปี,0,0,0,0,0,0,0,0,0,0,0,0,0,0,0,0,0,0
2568-3,86010008,มากกว่า 5 ปี,0,0,0,0,0,0,0,0,0,0,0,0,0,0,0,0,0,0
2568-3,86010009,นักเรียนจบทั้งหมด,13,9,22,10,6,16,7,11,18,14,8,22,0,0,0,0,0,0
2568-3,86010009,เรียนจบภายในเวลา 1 ปี,0,0,0,0,0,0,0,0,0,0,0,0,0,0,0,0,0,0
2568-3,86010009,2 ปี,0,0,0,0,0,0,0,0,0,0,0,0,0,0,0,0,0,0
2568-3,86010009,มากกว่า 2 ปี,13,9,22,0,0,0,0,0,0,0,0,0,0,0,0,0,0,0
2568-3,86010009,เรียนจบภายในเวลา 3 ปี,0,0,0,10,6,16,7,11,18,14,8,22,0,0,0,0,0,0
2568-3,86010009,4 ปี,0,0,0,0,0,0,0,0,0,0,0,0,0,0,0,0,0,0
2568-3,86010009,5 ปี,0,0,0,0,0,0,0,0,0,0,0,0,0,0,0,0,0,0
2568-3,86010009,มากกว่า 5 ปี,0,0,0,0,0,0,0,0,0,0,0,0,0,0,0,0,0,0
2568-3,86010010,นักเรียนจบทั้งหมด,16,15,31,31,13,44,28,25,53,40,31,71,0,0,0,0,0,0
2568-3,86010010,เรียนจบภายในเวลา 1 ปี,0,0,0,0,0,0,0,0,0,0,0,0,0,0,0,0,0,0
2568-3,86010010,2 ปี,0,1,1,0,0,0,0,0,0,0,0,0,0,0,0,0,0,0
2568-3,86010010,มากกว่า 2 ปี,16,14,30,0,0,0,0,0,0,0,0,0,0,0,0,0,0,0
2568-3,86010010,เรียนจบภายในเวลา 3 ปี,0,0,0,30,13,43,28,25,53,40,31,71,0,0,0,0,0,0
2568-3,86010010,4 ปี,0,0,0,1,0,1,0,0,0,0,0,0,0,0,0,0,0,0
2568-3,86010010,5 ปี,0,0,0,0,0,0,0,0,0,0,0,0,0,0,0,0,0,0
2568-3,86010010,มากกว่า 5 ปี,0,0,0,0,0,0,0,0,0,0,0,0,0,0,0,0,0,0
2568-3,86010011,นักเรียนจบทั้งหมด,6,7,13,5,3,8,7,4,11,0,0,0,0,0,0,0,0,0
2568-3,86010011,เรียนจบภายในเวลา 1 ปี,0,0,0,0,0,0,0,0,0,0,0,0,0,0,0,0,0,0
2568-3,86010011,2 ปี,0,0,0,0,0,0,0,0,0,0,0,0,0,0,0,0,0,0
2568-3,86010011,มากกว่า 2 ปี,6,7,13,0,0,0,0,0,0,0,0,0,0,0,0,0,0,0
2568-3,86010011,เรียนจบภายในเวลา 3 ปี,0,0,0,4,3,7,7,4,11,0,0,0,0,0,0,0,0,0
2568-3,86010011,4 ปี,0,0,0,1,0,1,0,0,0,0,0,0,0,0,0,0,0,0
2568-3,86010011,5 ปี,0,0,0,0,0,0,0,0,0,0,0,0,0,0,0,0,0,0
2568-3,86010011,มากกว่า 5 ปี,0,0,0,0,0,0,0,0,0,0,0,0,0,0,0,0,0,0
2568-3,86010013,นักเรียนจบทั้งหมด,16,26,42,25,33,58,7,4,11,0,0,0,0,0,0,0,0,0
2568-3,86010013,เรียนจบภายในเวลา 1 ปี,0,0,0,0,0,0,0,0,0,0,0,0,0,0,0,0,0,0
2568-3,86010013,2 ปี,0,0,0,0,0,0,0,0,0,0,0,0,0,0,0,0,0,0
2568-3,86010013,มากกว่า 2 ปี,16,26,42,0,0,0,0,0,0,0,0,0,0,0,0,0,0,0
2568-3,86010013,เรียนจบภายในเวลา 3 ปี,0,0,0,25,33,58,7,4,11,0,0,0,0,0,0,0,0,0
2568-3,86010013,4 ปี,0,0,0,0,0,0,0,0,0,0,0,0,0,0,0,0,0,0
2568-3,86010013,5 ปี,0,0,0,0,0,0,0,0,0,0,0,0,0,0,0,0,0,0
2568-3,86010013,มากกว่า 5 ปี,0,0,0,0,0,0,0,0,0,0,0,0,0,0,0,0,0,0
2568-3,86010014,นักเรียนจบทั้งหมด,6,4,10,13,13,26,6,7,13,0,0,0,0,0,0,0,0,0
2568-3,86010014,เรียนจบภายในเวลา 1 ปี,0,0,0,0,0,0,0,0,0,0,0,0,0,0,0,0,0,0
2568-3,86010014,2 ปี,0,0,0,0,0,0,0,0,0,0,0,0,0,0,0,0,0,0
2568-3,86010014,มากกว่า 2 ปี,6,4,10,0,0,0,0,0,0,0,0,0,0,0,0,0,0,0
2568-3,86010014,เรียนจบภายในเวลา 3 ปี,0,0,0,13,13,26,6,7,13,0,0,0,0,0,0,0,0,0
2568-3,86010014,4 ปี,0,0,0,0,0,0,0,0,0,0,0,0,0,0,0,0,0,0
2568-3,86010014,5 ปี,0,0,0,0,0,0,0,0,0,0,0,0,0,0,0,0,0,0
2568-3,86010014,มากกว่า 5 ปี,0,0,0,0,0,0,0,0,0,0,0,0,0,0,0,0,0,0
2568-3,86010015,นักเรียนจบทั้งหมด,3,3,6,6,4,10,3,4,7,0,0,0,0,0,0,0,0,0
2568-3,86010015,เรียนจบภายในเวลา 1 ปี,0,0,0,0,0,0,0,0,0,0,0,0,0,0,0,0,0,0
2568-3,86010015,2 ปี,0,0,0,0,0,0,0,0,0,0,0,0,0,0,0,0,0,0
2568-3,86010015,มากกว่า 2 ปี,3,3,6,0,0,0,0,0,0,0,0,0,0,0,0,0,0,0
2568-3,86010015,เรียนจบภายในเวลา 3 ปี,0,0,0,2,1,3,3,4,7,0,0,0,0,0,0,0,0,0
2568-3,86010015,4 ปี,0,0,0,0,0,0,0,0,0,0,0,0,0,0,0,0,0,0
2568-3,86010015,5 ปี,0,0,0,4,3,7,0,0,0,0,0,0,0,0,0,0,0,0
2568-3,86010015,มากกว่า 5 ปี,0,0,0,0,0,0,0,0,0,0,0,0,0,0,0,0,0,0
2568-3,86010016,นักเรียนจบทั้งหมด,4,8,12,11,10,21,9,4,13,0,0,0,0,0,0,0,0,0
2568-3,86010016,เรียนจบภายในเวลา 1 ปี,0,0,0,0,0,0,0,0,0,0,0,0,0,0,0,0,0,0
2568-3,86010016,2 ปี,4,8,12,0,0,0,0,0,0,0,0,0,0,0,0,0,0,0
2568-3,86010016,มากกว่า 2 ปี,0,0,0,0,0,0,0,0,0,0,0,0,0,0,0,0,0,0
2568-3,86010016,เรียนจบภายในเวลา 3 ปี,0,0,0,11,10,21,9,4,13,0,0,0,0,0,0,0,0,0
2568-3,86010016,4 ปี,0,0,0,0,0,0,0,0,0,0,0,0,0,0,0,0,0,0
2568-3,86010016,5 ปี,0,0,0,0,0,0,0,0,0,0,0,0,0,0,0,0,0,0
2568-3,86010016,มากกว่า 5 ปี,0,0,0,0,0,0,0,0,0,0,0,0,0,0,0,0,0,0
2568-3,86010017,นักเรียนจบทั้งหมด,5,5,10,1,4,5,6,11,17,4,2,6,0,0,0,0,0,0
2568-3,86010017,เรียนจบภายในเวลา 1 ปี,0,0,0,0,0,0,0,0,0,0,0,0,0,0,0,0,0,0
2568-3,86010017,2 ปี,5,5,10,0,0,0,0,0,0,0,0,0,0,0,0,0,0,0
2568-3,86010017,มากกว่า 2 ปี,0,0,0,0,0,0,0,0,0,0,0,0,0,0,0,0,0,0
2568-3,86010017,เรียนจบภายในเวลา 3 ปี,0,0,0,0,0,0,6,10,16,0,0,0,0,0,0,0,0,0
2568-3,86010017,4 ปี,0,0,0,0,0,0,0,1,1,0,0,0,0,0,0,0,0,0
2568-3,86010017,5 ปี,0,0,0,0,1,1,0,0,0,0,0,0,0,0,0,0,0,0
2568-3,86010017,มากกว่า 5 ปี,0,0,0,1,3,4,0,0,0,4,2,6,0,0,0,0,0,0
2568-3,86010019,นักเรียนจบทั้งหมด,4,4,8,8,7,15,7,4,11,0,0,0,0,0,0,0,0,0
2568-3,86010019,เรียนจบภายในเวลา 1 ปี,2,1,3,0,0,0,0,0,0,0,0,0,0,0,0,0,0,0
2568-3,86010019,2 ปี,0,0,0,0,0,0,0,0,0,0,0,0,0,0,0,0,0,0
2568-3,86010019,มากกว่า 2 ปี,2,3,5,0,0,0,0,0,0,0,0,0,0,0,0,0,0,0
2568-3,86010019,เรียนจบภายในเวลา 3 ปี,0,0,0,8,7,15,7,4,11,0,0,0,0,0,0,0,0,0
2568-3,86010019,4 ปี,0,0,0,0,0,0,0,0,0,0,0,0,0,0,0,0,0,0
2568-3,86010019,5 ปี,0,0,0,0,0,0,0,0,0,0,0,0,0,0,0,0,0,0
2568-3,86010019,มากกว่า 5 ปี,0,0,0,0,0,0,0,0,0,0,0,0,0,0,0,0,0,0
2568-3,86010020,นักเรียนจบทั้งหมด,5,4,9,1,3,4,1,1,2,0,0,0,0,0,0,0,0,0
2568-3,86010020,เรียนจบภายในเวลา 1 ปี,0,0,0,0,0,0,0,0,0,0,0,0,0,0,0,0,0,0
2568-3,86010020,2 ปี,0,0,0,0,0,0,0,0,0,0,0,0,0,0,0,0,0,0
2568-3,86010020,มากกว่า 2 ปี,5,4,9,0,0,0,0,0,0,0,0,0,0,0,0,0,0,0
2568-3,86010020,เรียนจบภายในเวลา 3 ปี,0,0,0,1,3,4,1,1,2,0,0,0,0,0,0,0,0,0
2568-3,86010020,4 ปี,0,0,0,0,0,0,0,0,0,0,0,0,0,0,0,0,0,0
2568-3,86010020,5 ปี,0,0,0,0,0,0,0,0,0,0,0,0,0,0,0,0,0,0
2568-3,86010020,มากกว่า 5 ปี,0,0,0,0,0,0,0,0,0,0,0,0,0,0,0,0,0,0
2568-3,86010021,นักเรียนจบทั้งหมด,44,42,86,88,82,170,90,88,178,83,73,156,35,64,99,0,0,0
2568-3,86010021,เรียนจบภายในเวลา 1 ปี,0,0,0,0,0,0,0,0,0,0,0,0,0,0,0,0,0,0
2568-3,86010021,2 ปี,44,42,86,0,0,0,0,0,0,0,0,0,0,0,0,0,0,0
2568-3,86010021,มากกว่า 2 ปี,0,0,0,0,0,0,0,0,0,0,0,0,0,0,0,0,0,0
2568-3,86010021,เรียนจบภายในเวลา 3 ปี,0,0,0,88,82,170,90,88,178,83,73,156,35,64,99,0,0,0
2568-3,86010021,4 ปี,0,0,0,0,0,0,0,0,0,0,0,0,0,0,0,0,0,0
2568-3,86010021,5 ปี,0,0,0,0,0,0,0,0,0,0,0,0,0,0,0,0,0,0
2568-3,86010021,มากกว่า 5 ปี,0,0,0,0,0,0,0,0,0,0,0,0,0,0,0,0,0,0
2568-3,86010023,นักเรียนจบทั้งหมด,6,9,15,11,9,20,10,9,19,0,0,0,0,0,0,0,0,0
2568-3,86010023,เรียนจบภายในเวลา 1 ปี,0,0,0,0,0,0,0,0,0,0,0,0,0,0,0,0,0,0
2568-3,86010023,2 ปี,1,3,4,0,0,0,0,0,0,0,0,0,0,0,0,0,0,0
2568-3,86010023,มากกว่า 2 ปี,5,6,11,0,0,0,0,0,0,0,0,0,0,0,0,0,0,0
2568-3,86010023,เรียนจบภายในเวลา 3 ปี,0,0,0,11,9,20,10,9,19,0,0,0,0,0,0,0,0,0
2568-3,86010023,4 ปี,0,0,0,0,0,0,0,0,0,0,0,0,0,0,0,0,0,0
2568-3,86010023,5 ปี,0,0,0,0,0,0,0,0,0,0,0,0,0,0,0,0,0,0
2568-3,86010023,มากกว่า 5 ปี,0,0,0,0,0,0,0,0,0,0,0,0,0,0,0,0,0,0
2568-3,86010024,นักเรียนจบทั้งหมด,3,5,8,4,6,10,5,9,14,0,0,0,0,0,0,0,0,0
2568-3,86010024,เรียนจบภายในเวลา 1 ปี,0,0,0,0,0,0,0,0,0,0,0,0,0,0,0,0,0,0
2568-3,86010024,2 ปี,0,0,0,0,0,0,0,0,0,0,0,0,0,0,0,0,0,0
2568-3,86010024,มากกว่า 2 ปี,3,5,8,0,0,0,0,0,0,0,0,0,0,0,0,0,0,0
2568-3,86010024,เรียนจบภายในเวลา 3 ปี,0,0,0,4,6,10,5,9,14,0,0,0,0,0,0,0,0,0
2568-3,86010024,4 ปี,0,0,0,0,0,0,0,0,0,0,0,0,0,0,0,0,0,0
2568-3,86010024,5 ปี,0,0,0,0,0,0,0,0,0,0,0,0,0,0,0,0,0,0
2568-3,86010024,มากกว่า 5 ปี,0,0,0,0,0,0,0,0,0,0,0,0,0,0,0,0,0,0
2568-3,86010025,นักเรียนจบทั้งหมด,4,5,9,9,1,10,11,8,19,8,6,14,0,0,0,0,0,0
2568-3,86010025,เรียนจบภายในเวลา 1 ปี,0,0,0,0,0,0,0,0,0,0,0,0,0,0,0,0,0,0
2568-3,86010025,2 ปี,0,0,0,0,0,0,0,0,0,0,0,0,0,0,0,0,0,0
2568-3,86010025,มากกว่า 2 ปี,4,5,9,0,0,0,0,0,0,0,0,0,0,0,0,0,0,0
2568-3,86010025,เรียนจบภายในเวลา 3 ปี,0,0,0,9,1,10,11,8,19,8,6,14,0,0,0,0,0,0
2568-3,86010025,4 ปี,0,0,0,0,0,0,0,0,0,0,0,0,0,0,0,0,0,0
2568-3,86010025,5 ปี,0,0,0,0,0,0,0,0,0,0,0,0,0,0,0,0,0,0
2568-3,86010025,มากกว่า 5 ปี,0,0,0,0,0,0,0,0,0,0,0,0,0,0,0,0,0,0
2568-3,86010027,นักเรียนจบทั้งหมด,10,4,14,10,5,15,16,6,22,0,0,0,0,0,0,0,0,0
2568-3,86010027,เรียนจบภายในเวลา 1 ปี,0,0,0,0,0,0,0,0,0,0,0,0,0,0,0,0,0,0
2568-3,86010027,2 ปี,0,0,0,0,0,0,0,0,0,0,0,0,0,0,0,0,0,0
2568-3,86010027,มากกว่า 2 ปี,10,4,14,0,0,0,0,0,0,0,0,0,0,0,0,0,0,0
2568-3,86010027,เรียนจบภายในเวลา 3 ปี,0,0,0,10,5,15,16,6,22,0,0,0,0,0,0,0,0,0
2568-3,86010027,4 ปี,0,0,0,0,0,0,0,0,0,0,0,0,0,0,0,0,0,0
2568-3,86010027,5 ปี,0,0,0,0,0,0,0,0,0,0,0,0,0,0,0,0,0,0
2568-3,86010027,มากกว่า 5 ปี,0,0,0,0,0,0,0,0,0,0,0,0,0,0,0,0,0,0
2568-3,86010029,นักเรียนจบทั้งหมด,4,6,10,6,4,10,3,3,6,0,0,0,0,0,0,0,0,0
2568-3,86010029,เรียนจบภายในเวลา 1 ปี,0,0,0,0,0,0,0,0,0,0,0,0,0,0,0,0,0,0
2568-3,86010029,2 ปี,0,0,0,0,0,0,0,0,0,0,0,0,0,0,0,0,0,0
2568-3,86010029,มากกว่า 2 ปี,4,6,10,0,0,0,0,0,0,0,0,0,0,0,0,0,0,0
2568-3,86010029,เรียนจบภายในเวลา 3 ปี,0,0,0,6,4,10,3,3,6,0,0,0,0,0,0,0,0,0
2568-3,86010029,4 ปี,0,0,0,0,0,0,0,0,0,0,0,0,0,0,0,0,0,0
2568-3,86010029,5 ปี,0,0,0,0,0,0,0,0,0,0,0,0,0,0,0,0,0,0
2568-3,86010029,มากกว่า 5 ปี,0,0,0,0,0,0,0,0,0,0,0,0,0,0,0,0,0,0
2568-3,86010030,นักเรียนจบทั้งหมด,5,4,9,4,3,7,5,3,8,0,0,0,0,0,0,0,0,0
2568-3,86010030,เรียนจบภายในเวลา 1 ปี,0,0,0,0,0,0,0,0,0,0,0,0,0,0,0,0,0,0
2568-3,86010030,2 ปี,0,0,0,0,0,0,0,0,0,0,0,0,0,0,0,0,0,0
2568-3,86010030,มากกว่า 2 ปี,5,4,9,0,0,0,0,0,0,0,0,0,0,0,0,0,0,0
2568-3,86010030,เรียนจบภายในเวลา 3 ปี,0,0,0,4,3,7,5,3,8,0,0,0,0,0,0,0,0,0
2568-3,86010030,4 ปี,0,0,0,0,0,0,0,0,0,0,0,0,0,0,0,0,0,0
2568-3,86010030,5 ปี,0,0,0,0,0,0,0,0,0,0,0,0,0,0,0,0,0,0
2568-3,86010030,มากกว่า 5 ปี,0,0,0,0,0,0,0,0,0,0,0,0,0,0,0,0,0,0
2568-3,86010032,นักเรียนจบทั้งหมด,1,1,2,1,2,3,3,0,3,0,0,0,0,0,0,0,0,0
2568-3,86010032,เรียนจบภายในเวลา 1 ปี,0,0,0,0,0,0,0,0,0,0,0,0,0,0,0,0,0,0
2568-3,86010032,2 ปี,0,0,0,0,0,0,0,0,0,0,0,0,0,0,0,0,0,0
2568-3,86010032,มากกว่า 2 ปี,1,1,2,0,0,0,0,0,0,0,0,0,0,0,0,0,0,0
2568-3,86010032,เรียนจบภายในเวลา 3 ปี,0,0,0,1,2,3,3,0,3,0,0,0,0,0,0,0,0,0
2568-3,86010032,4 ปี,0,0,0,0,0,0,0,0,0,0,0,0,0,0,0,0,0,0
2568-3,86010032,5 ปี,0,0,0,0,0,0,0,0,0,0,0,0,0,0,0,0,0,0
2568-3,86010032,มากกว่า 5 ปี,0,0,0,0,0,0,0,0,0,0,0,0,0,0,0,0,0,0
2568-3,86010036,นักเรียนจบทั้งหมด,1,2,3,5,0,5,2,4,6,0,0,0,0,0,0,0,0,0
2568-3,86010036,เรียนจบภายในเวลา 1 ปี,0,0,0,0,0,0,0,0,0,0,0,0,0,0,0,0,0,0
2568-3,86010036,2 ปี,0,0,0,0,0,0,0,0,0,0,0,0,0,0,0,0,0,0
2568-3,86010036,มากกว่า 2 ปี,1,2,3,0,0,0,0,0,0,0,0,0,0,0,0,0,0,0
2568-3,86010036,เรียนจบภายในเวลา 3 ปี,0,0,0,5,0,5,2,4,6,0,0,0,0,0,0,0,0,0
2568-3,86010036,4 ปี,0,0,0,0,0,0,0,0,0,0,0,0,0,0,0,0,0,0
2568-3,86010036,5 ปี,0,0,0,0,0,0,0,0,0,0,0,0,0,0,0,0,0,0
2568-3,86010036,มากกว่า 5 ปี,0,0,0,0,0,0,0,0,0,0,0,0,0,0,0,0,0,0
2568-3,86010037,นักเรียนจบทั้งหมด,6,4,10,7,11,18,8,6,14,13,11,24,0,0,0,0,0,0
2568-3,86010037,เรียนจบภายในเวลา 1 ปี,0,0,0,0,0,0,0,0,0,0,0,0,0,0,0,0,0,0
2568-3,86010037,2 ปี,0,0,0,0,0,0,0,0,0,0,0,0,0,0,0,0,0,0
2568-3,86010037,มากกว่า 2 ปี,6,4,10,0,0,0,0,0,0,0,0,0,0,0,0,0,0,0
2568-3,86010037,เรียนจบภายในเวลา 3 ปี,0,0,0,7,11,18,8,6,14,13,11,24,0,0,0,0,0,0
2568-3,86010037,4 ปี,0,0,0,0,0,0,0,0,0,0,0,0,0,0,0,0,0,0
2568-3,86010037,5 ปี,0,0,0,0,0,0,0,0,0,0,0,0,0,0,0,0,0,0
2568-3,86010037,มากกว่า 5 ปี,0,0,0,0,0,0,0,0,0,0,0,0,0,0,0,0,0,0
2568-3,86010039,นักเรียนจบทั้งหมด,5,5,10,1,2,3,9,3,12,0,0,0,0,0,0,0,0,0
2568-3,86010039,เรียนจบภายในเวลา 1 ปี,0,0,0,0,0,0,0,0,0,0,0,0,0,0,0,0,0,0
2568-3,86010039,2 ปี,5,5,10,0,0,0,0,0,0,0,0,0,0,0,0,0,0,0
2568-3,86010039,มากกว่า 2 ปี,0,0,0,0,0,0,0,0,0,0,0,0,0,0,0,0,0,0
2568-3,86010039,เรียนจบภายในเวลา 3 ปี,0,0,0,1,2,3,9,3,12,0,0,0,0,0,0,0,0,0
2568-3,86010039,4 ปี,0,0,0,0,0,0,0,0,0,0,0,0,0,0,0,0,0,0
2568-3,86010039,5 ปี,0,0,0,0,0,0,0,0,0,0,0,0,0,0,0,0,0,0
2568-3,86010039,มากกว่า 5 ปี,0,0,0,0,0,0,0,0,0,0,0,0,0,0,0,0,0,0
2568-3,86010040,นักเรียนจบทั้งหมด,0,5,5,9,6,15,11,3,14,5,9,14,0,0,0,0,0,0
2568-3,86010040,เรียนจบภายในเวลา 1 ปี,0,0,0,0,0,0,0,0,0,0,0,0,0,0,0,0,0,0
2568-3,86010040,2 ปี,0,0,0,0,0,0,0,0,0,0,0,0,0,0,0,0,0,0
2568-3,86010040,มากกว่า 2 ปี,0,5,5,0,0,0,0,0,0,0,0,0,0,0,0,0,0,0
2568-3,86010040,เรียนจบภายในเวลา 3 ปี,0,0,0,9,6,15,11,3,14,5,9,14,0,0,0,0,0,0
2568-3,86010040,4 ปี,0,0,0,0,0,0,0,0,0,0,0,0,0,0,0,0,0,0
2568-3,86010040,5 ปี,0,0,0,0,0,0,0,0,0,0,0,0,0,0,0,0,0,0
2568-3,86010040,มากกว่า 5 ปี,0,0,0,0,0,0,0,0,0,0,0,0,0,0,0,0,0,0
2568-3,86010041,นักเรียนจบทั้งหมด,12,15,27,4,16,20,11,6,17,0,0,0,0,0,0,0,0,0
2568-3,86010041,เรียนจบภายในเวลา 1 ปี,0,0,0,0,0,0,0,0,0,0,0,0,0,0,0,0,0,0
2568-3,86010041,2 ปี,0,0,0,0,0,0,0,0,0,0,0,0,0,0,0,0,0,0
2568-3,86010041,มากกว่า 2 ปี,12,15,27,0,0,0,0,0,0,0,0,0,0,0,0,0,0,0
2568-3,86010041,เรียนจบภายในเวลา 3 ปี,0,0,0,4,16,20,11,6,17,0,0,0,0,0,0,0,0,0
2568-3,86010041,4 ปี,0,0,0,0,0,0,0,0,0,0,0,0,0,0,0,0,0,0
2568-3,86010041,5 ปี,0,0,0,0,0,0,0,0,0,0,0,0,0,0,0,0,0,0
2568-3,86010041,มากกว่า 5 ปี,0,0,0,0,0,0,0,0,0,0,0,0,0,0,0,0,0,0
2568-3,86010042,นักเรียนจบทั้งหมด,10,7,17,7,7,14,5,6,11,9,7,16,0,0,0,0,0,0
2568-3,86010042,เรียนจบภายในเวลา 1 ปี,0,0,0,0,0,0,0,0,0,0,0,0,0,0,0,0,0,0
2568-3,86010042,2 ปี,0,0,0,0,0,0,0,0,0,0,0,0,0,0,0,0,0,0
2568-3,86010042,มากกว่า 2 ปี,10,7,17,0,0,0,0,0,0,0,0,0,0,0,0,0,0,0
2568-3,86010042,เรียนจบภายในเวลา 3 ปี,0,0,0,7,7,14,5,6,11,9,7,16,0,0,0,0,0,0
2568-3,86010042,4 ปี,0,0,0,0,0,0,0,0,0,0,0,0,0,0,0,0,0,0
2568-3,86010042,5 ปี,0,0,0,0,0,0,0,0,0,0,0,0,0,0,0,0,0,0
2568-3,86010042,มากกว่า 5 ปี,0,0,0,0,0,0,0,0,0,0,0,0,0,0,0,0,0,0
2568-3,86010043,นักเรียนจบทั้งหมด,7,3,10,7,5,12,6,7,13,7,3,10,0,0,0,0,0,0
2568-3,86010043,เรียนจบภายในเวลา 1 ปี,0,0,0,0,0,0,0,0,0,0,0,0,0,0,0,0,0,0
2568-3,86010043,2 ปี,0,0,0,0,0,0,0,0,0,0,0,0,0,0,0,0,0,0
2568-3,86010043,มากกว่า 2 ปี,7,3,10,0,0,0,0,0,0,0,0,0,0,0,0,0,0,0
2568-3,86010043,เรียนจบภายในเวลา 3 ปี,0,0,0,7,5,12,6,7,13,7,3,10,0,0,0,0,0,0
2568-3,86010043,4 ปี,0,0,0,0,0,0,0,0,0,0,0,0,0,0,0,0,0,0
2568-3,86010043,5 ปี,0,0,0,0,0,0,0,0,0,0,0,0,0,0,0,0,0,0
2568-3,86010043,มากกว่า 5 ปี,0,0,0,0,0,0,0,0,0,0,0,0,0,0,0,0,0,0
2568-3,86010044,นักเรียนจบทั้งหมด,21,31,52,39,32,71,37,42,79,0,0,0,0,0,0,0,0,0
2568-3,86010044,เรียนจบภายในเวลา 1 ปี,0,0,0,0,0,0,0,0,0,0,0,0,0,0,0,0,0,0
2568-3,86010044,2 ปี,0,0,0,0,0,0,0,0,0,0,0,0,0,0,0,0,0,0
2568-3,86010044,มากกว่า 2 ปี,21,31,52,0,0,0,0,0,0,0,0,0,0,0,0,0,0,0
2568-3,86010044,เรียนจบภายในเวลา 3 ปี,0,0,0,39,32,71,37,42,79,0,0,0,0,0,0,0,0,0
2568-3,86010044,4 ปี,0,0,0,0,0,0,0,0,0,0,0,0,0,0,0,0,0,0
2568-3,86010044,5 ปี,0,0,0,0,0,0,0,0,0,0,0,0,0,0,0,0,0,0
2568-3,86010044,มากกว่า 5 ปี,0,0,0,0,0,0,0,0,0,0,0,0,0,0,0,0,0,0
2568-3,86010045,นักเรียนจบทั้งหมด,5,3,8,8,19,27,4,2,6,1,6,7,0,0,0,0,0,0
2568-3,86010045,เรียนจบภายในเวลา 1 ปี,0,0,0,0,0,0,0,0,0,0,0,0,0,0,0,0,0,0
2568-3,86010045,2 ปี,5,3,8,0,0,0,0,0,0,0,0,0,0,0,0,0,0,0
2568-3,86010045,มากกว่า 2 ปี,0,0,0,0,0,0,0,0,0,0,0,0,0,0,0,0,0,0
2568-3,86010045,เรียนจบภายในเวลา 3 ปี,0,0,0,8,19,27,4,2,6,1,6,7,0,0,0,0,0,0
2568-3,86010045,4 ปี,0,0,0,0,0,0,0,0,0,0,0,0,0,0,0,0,0,0
2568-3,86010045,5 ปี,0,0,0,0,0,0,0,0,0,0,0,0,0,0,0,0,0,0
2568-3,86010045,มากกว่า 5 ปี,0,0,0,0,0,0,0,0,0,0,0,0,0,0,0,0,0,0
2568-3,86010046,นักเรียนจบทั้งหมด,5,6,11,6,4,10,4,3,7,0,0,0,0,0,0,0,0,0
2568-3,86010046,เรียนจบภายในเวลา 1 ปี,1,0,1,0,0,0,0,0,0,0,0,0,0,0,0,0,0,0
2568-3,86010046,2 ปี,0,0,0,0,0,0,0,0,0,0,0,0,0,0,0,0,0,0
2568-3,86010046,มากกว่า 2 ปี,4,6,10,0,0,0,0,0,0,0,0,0,0,0,0,0,0,0
2568-3,86010046,เรียนจบภายในเวลา 3 ปี,0,0,0,6,4,10,4,3,7,0,0,0,0,0,0,0,0,0
2568-3,86010046,4 ปี,0,0,0,0,0,0,0,0,0,0,0,0,0,0,0,0,0,0
2568-3,86010046,5 ปี,0,0,0,0,0,0,0,0,0,0,0,0,0,0,0,0,0,0
2568-3,86010046,มากกว่า 5 ปี,0,0,0,0,0,0,0,0,0,0,0,0,0,0,0,0,0,0
2568-3,86010047,นักเรียนจบทั้งหมด,5,7,12,11,12,23,21,11,32,21,9,30,0,0,0,0,0,0
2568-3,86010047,เรียนจบภายในเวลา 1 ปี,0,0,0,0,0,0,0,0,0,0,0,0,0,0,0,0,0,0
2568-3,86010047,2 ปี,0,0,0,0,0,0,0,0,0,0,0,0,0,0,0,0,0,0
2568-3,86010047,มากกว่า 2 ปี,5,7,12,0,0,0,0,0,0,0,0,0,0,0,0,0,0,0
2568-3,86010047,เรียนจบภายในเวลา 3 ปี,0,0,0,11,12,23,21,11,32,21,9,30,0,0,0,0,0,0
2568-3,86010047,4 ปี,0,0,0,0,0,0,0,0,0,0,0,0,0,0,0,0,0,0
2568-3,86010047,5 ปี,0,0,0,0,0,0,0,0,0,0,0,0,0,0,0,0,0,0
2568-3,86010047,มากกว่า 5 ปี,0,0,0,0,0,0,0,0,0,0,0,0,0,0,0,0,0,0
2568-3,86010048,นักเรียนจบทั้งหมด,3,11,14,4,9,13,7,9,16,6,6,12,0,0,0,0,0,0
2568-3,86010048,เรียนจบภายในเวลา 1 ปี,0,0,0,0,0,0,0,0,0,0,0,0,0,0,0,0,0,0
2568-3,86010048,2 ปี,3,11,14,0,0,0,0,0,0,0,0,0,0,0,0,0,0,0
2568-3,86010048,มากกว่า 2 ปี,0,0,0,0,0,0,0,0,0,0,0,0,0,0,0,0,0,0
2568-3,86010048,เรียนจบภายในเวลา 3 ปี,0,0,0,4,9,13,7,9,16,6,6,12,0,0,0,0,0,0
2568-3,86010048,4 ปี,0,0,0,0,0,0,0,0,0,0,0,0,0,0,0,0,0,0
2568-3,86010048,5 ปี,0,0,0,0,0,0,0,0,0,0,0,0,0,0,0,0,0,0
2568-3,86010048,มากกว่า 5 ปี,0,0,0,0,0,0,0,0,0,0,0,0,0,0,0,0,0,0
2568-3,86010052,นักเรียนจบทั้งหมด,6,9,15,8,8,16,15,11,26,8,7,15,0,0,0,0,0,0
2568-3,86010052,เรียนจบภายในเวลา 1 ปี,0,0,0,0,0,0,0,0,0,0,0,0,0,0,0,0,0,0
2568-3,86010052,2 ปี,0,0,0,0,0,0,0,0,0,0,0,0,0,0,0,0,0,0
2568-3,86010052,มากกว่า 2 ปี,6,9,15,0,0,0,0,0,0,0,0,0,0,0,0,0,0,0
2568-3,86010052,เรียนจบภายในเวลา 3 ปี,0,0,0,8,8,16,15,11,26,8,7,15,0,0,0,0,0,0
2568-3,86010052,4 ปี,0,0,0,0,0,0,0,0,0,0,0,0,0,0,0,0,0,0
2568-3,86010052,5 ปี,0,0,0,0,0,0,0,0,0,0,0,0,0,0,0,0,0,0
2568-3,86010052,มากกว่า 5 ปี,0,0,0,0,0,0,0,0,0,0,0,0,0,0,0,0,0,0
2568-3,86010053,นักเรียนจบทั้งหมด,9,9,18,15,7,22,9,16,25,9,4,13,0,0,0,0,0,0
2568-3,86010053,เรียนจบภายในเวลา 1 ปี,0,0,0,0,0,0,0,0,0,0,0,0,0,0,0,0,0,0
2568-3,86010053,2 ปี,0,0,0,0,0,0,0,0,0,0,0,0,0,0,0,0,0,0
2568-3,86010053,มากกว่า 2 ปี,9,9,18,0,0,0,0,0,0,0,0,0,0,0,0,0,0,0
2568-3,86010053,เรียนจบภายในเวลา 3 ปี,0,0,0,15,7,22,9,16,25,9,4,13,0,0,0,0,0,0
2568-3,86010053,4 ปี,0,0,0,0,0,0,0,0,0,0,0,0,0,0,0,0,0,0
2568-3,86010053,5 ปี,0,0,0,0,0,0,0,0,0,0,0,0,0,0,0,0,0,0
2568-3,86010053,มากกว่า 5 ปี,0,0,0,0,0,0,0,0,0,0,0,0,0,0,0,0,0,0
2568-3,86010055,นักเรียนจบทั้งหมด,5,5,10,7,7,14,3,8,11,6,3,9,0,0,0,0,0,0
2568-3,86010055,เรียนจบภายในเวลา 1 ปี,0,0,0,0,0,0,0,0,0,0,0,0,0,0,0,0,0,0
2568-3,86010055,2 ปี,0,0,0,0,0,0,0,0,0,0,0,0,0,0,0,0,0,0
2568-3,86010055,มากกว่า 2 ปี,5,5,10,0,0,0,0,0,0,0,0,0,0,0,0,0,0,0
2568-3,86010055,เรียนจบภายในเวลา 3 ปี,0,0,0,7,7,14,3,8,11,6,3,9,0,0,0,0,0,0
2568-3,86010055,4 ปี,0,0,0,0,0,0,0,0,0,0,0,0,0,0,0,0,0,0
2568-3,86010055,5 ปี,0,0,0,0,0,0,0,0,0,0,0,0,0,0,0,0,0,0
2568-3,86010055,มากกว่า 5 ปี,0,0,0,0,0,0,0,0,0,0,0,0,0,0,0,0,0,0
2568-3,86010056,นักเรียนจบทั้งหมด,14,13,27,18,5,23,13,9,22,6,5,11,0,0,0,0,0,0
2568-3,86010056,เรียนจบภายในเวลา 1 ปี,0,0,0,0,0,0,0,0,0,0,0,0,0,0,0,0,0,0
2568-3,86010056,2 ปี,0,0,0,0,0,0,0,0,0,0,0,0,0,0,0,0,0,0
2568-3,86010056,มากกว่า 2 ปี,14,13,27,0,0,0,0,0,0,0,0,0,0,0,0,0,0,0
2568-3,86010056,เรียนจบภายในเวลา 3 ปี,0,0,0,18,5,23,13,9,22,6,5,11,0,0,0,0,0,0
2568-3,86010056,4 ปี,0,0,0,0,0,0,0,0,0,0,0,0,0,0,0,0,0,0
2568-3,86010056,5 ปี,0,0,0,0,0,0,0,0,0,0,0,0,0,0,0,0,0,0
2568-3,86010056,มากกว่า 5 ปี,0,0,0,0,0,0,0,0,0,0,0,0,0,0,0,0,0,0
2568-3,86010059,นักเรียนจบทั้งหมด,1,2,3,5,1,6,4,6,10,0,0,0,0,0,0,0,0,0
2568-3,86010059,เรียนจบภายในเวลา 1 ปี,0,0,0,0,0,0,0,0,0,0,0,0,0,0,0,0,0,0
2568-3,86010059,2 ปี,0,0,0,0,0,0,0,0,0,0,0,0,0,0,0,0,0,0
2568-3,86010059,มากกว่า 2 ปี,1,2,3,0,0,0,0,0,0,0,0,0,0,0,0,0,0,0
2568-3,86010059,เรียนจบภายในเวลา 3 ปี,0,0,0,5,1,6,4,6,10,0,0,0,0,0,0,0,0,0
2568-3,86010059,4 ปี,0,0,0,0,0,0,0,0,0,0,0,0,0,0,0,0,0,0
2568-3,86010059,5 ปี,0,0,0,0,0,0,0,0,0,0,0,0,0,0,0,0,0,0
2568-3,86010059,มากกว่า 5 ปี,0,0,0,0,0,0,0,0,0,0,0,0,0,0,0,0,0,0
2568-3,86010060,นักเรียนจบทั้งหมด,3,6,9,8,4,12,6,7,13,3,8,11,0,0,0,0,0,0
2568-3,86010060,เรียนจบภายในเวลา 1 ปี,0,0,0,0,0,0,0,0,0,0,0,0,0,0,0,0,0,0
2568-3,86010060,2 ปี,0,0,0,0,0,0,0,0,0,0,0,0,0,0,0,0,0,0
2568-3,86010060,มากกว่า 2 ปี,3,6,9,0,0,0,0,0,0,0,0,0,0,0,0,0,0,0
2568-3,86010060,เรียนจบภายในเวลา 3 ปี,0,0,0,8,4,12,6,7,13,3,8,11,0,0,0,0,0,0
2568-3,86010060,4 ปี,0,0,0,0,0,0,0,0,0,0,0,0,0,0,0,0,0,0
2568-3,86010060,5 ปี,0,0,0,0,0,0,0,0,0,0,0,0,0,0,0,0,0,0
2568-3,86010060,มากกว่า 5 ปี,0,0,0,0,0,0,0,0,0,0,0,0,0,0,0,0,0,0
2568-3,86010061,นักเรียนจบทั้งหมด,10,4,14,5,5,10,10,4,14,7,5,12,0,0,0,0,0,0
2568-3,86010061,เรียนจบภายในเวลา 1 ปี,0,0,0,0,0,0,0,0,0,0,0,0,0,0,0,0,0,0
2568-3,86010061,2 ปี,10,4,14,0,0,0,0,0,0,0,0,0,0,0,0,0,0,0
2568-3,86010061,มากกว่า 2 ปี,0,0,0,0,0,0,0,0,0,0,0,0,0,0,0,0,0,0
2568-3,86010061,เรียนจบภายในเวลา 3 ปี,0,0,0,5,5,10,10,4,14,7,5,12,0,0,0,0,0,0
2568-3,86010061,4 ปี,0,0,0,0,0,0,0,0,0,0,0,0,0,0,0,0,0,0
2568-3,86010061,5 ปี,0,0,0,0,0,0,0,0,0,0,0,0,0,0,0,0,0,0
2568-3,86010061,มากกว่า 5 ปี,0,0,0,0,0,0,0,0,0,0,0,0,0,0,0,0,0,0
2568-3,86010062,นักเรียนจบทั้งหมด,7,12,19,8,15,23,25,12,37,10,10,20,0,0,0,0,0,0
2568-3,86010062,เรียนจบภายในเวลา 1 ปี,0,0,0,0,0,0,0,0,0,0,0,0,0,0,0,0,0,0
2568-3,86010062,2 ปี,0,0,0,0,0,0,0,0,0,0,0,0,0,0,0,0,0,0
2568-3,86010062,มากกว่า 2 ปี,7,12,19,0,0,0,0,0,0,0,0,0,0,0,0,0,0,0
2568-3,86010062,เรียนจบภายในเวลา 3 ปี,0,0,0,8,15,23,24,12,36,10,10,20,0,0,0,0,0,0
2568-3,86010062,4 ปี,0,0,0,0,0,0,1,0,1,0,0,0,0,0,0,0,0,0
2568-3,86010062,5 ปี,0,0,0,0,0,0,0,0,0,0,0,0,0,0,0,0,0,0
2568-3,86010062,มากกว่า 5 ปี,0,0,0,0,0,0,0,0,0,0,0,0,0,0,0,0,0,0
2568-3,86010063,นักเรียนจบทั้งหมด,7,6,13,8,7,15,5,7,12,0,0,0,0,0,0,0,0,0
2568-3,86010063,เรียนจบภายในเวลา 1 ปี,0,0,0,0,0,0,0,0,0,0,0,0,0,0,0,0,0,0
2568-3,86010063,2 ปี,0,0,0,0,0,0,0,0,0,0,0,0,0,0,0,0,0,0
2568-3,86010063,มากกว่า 2 ปี,7,6,13,0,0,0,0,0,0,0,0,0,0,0,0,0,0,0
2568-3,86010063,เรียนจบภายในเวลา 3 ปี,0,0,0,8,7,15,5,7,12,0,0,0,0,0,0,0,0,0
2568-3,86010063,4 ปี,0,0,0,0,0,0,0,0,0,0,0,0,0,0,0,0,0,0
2568-3,86010063,5 ปี,0,0,0,0,0,0,0,0,0,0,0,0,0,0,0,0,0,0
2568-3,86010063,มากกว่า 5 ปี,0,0,0,0,0,0,0,0,0,0,0,0,0,0,0,0,0,0
2568-3,86010064,นักเรียนจบทั้งหมด,5,6,11,4,5,9,3,8,11,2,5,7,0,0,0,0,0,0
2568-3,86010064,เรียนจบภายในเวลา 1 ปี,0,0,0,0,0,0,0,0,0,0,0,0,0,0,0,0,0,0
2568-3,86010064,2 ปี,0,0,0,0,0,0,0,0,0,0,0,0,0,0,0,0,0,0
2568-3,86010064,มากกว่า 2 ปี,5,6,11,0,0,0,0,0,0,0,0,0,0,0,0,0,0,0
2568-3,86010064,เรียนจบภายในเวลา 3 ปี,0,0,0,4,5,9,3,8,11,2,5,7,0,0,0,0,0,0
2568-3,86010064,4 ปี,0,0,0,0,0,0,0,0,0,0,0,0,0,0,0,0,0,0
2568-3,86010064,5 ปี,0,0,0,0,0,0,0,0,0,0,0,0,0,0,0,0,0,0
2568-3,86010064,มากกว่า 5 ปี,0,0,0,0,0,0,0,0,0,0,0,0,0,0,0,0,0,0
2568-3,86010066,นักเรียนจบทั้งหมด,3,4,7,2,3,5,9,4,13,5,3,8,0,0,0,0,0,0
2568-3,86010066,เรียนจบภายในเวลา 1 ปี,0,0,0,0,0,0,0,0,0,0,0,0,0,0,0,0,0,0
2568-3,86010066,2 ปี,3,4,7,0,0,0,0,0,0,0,0,0,0,0,0,0,0,0
2568-3,86010066,มากกว่า 2 ปี,0,0,0,0,0,0,0,0,0,0,0,0,0,0,0,0,0,0
2568-3,86010066,เรียนจบภายในเวลา 3 ปี,0,0,0,0,0,0,0,0,0,5,3,8,0,0,0,0,0,0
2568-3,86010066,4 ปี,0,0,0,0,0,0,0,0,0,0,0,0,0,0,0,0,0,0
2568-3,86010066,5 ปี,0,0,0,2,3,5,9,4,13,0,0,0,0,0,0,0,0,0
2568-3,86010066,มากกว่า 5 ปี,0,0,0,0,0,0,0,0,0,0,0,0,0,0,0,0,0,0
2568-3,86010068,นักเรียนจบทั้งหมด,3,2,5,2,1,3,1,6,7,0,0,0,0,0,0,0,0,0
2568-3,86010068,เรียนจบภายในเวลา 1 ปี,0,0,0,0,0,0,0,0,0,0,0,0,0,0,0,0,0,0
2568-3,86010068,2 ปี,0,0,0,0,0,0,0,0,0,0,0,0,0,0,0,0,0,0
2568-3,86010068,มากกว่า 2 ปี,3,2,5,0,0,0,0,0,0,0,0,0,0,0,0,0,0,0
2568-3,86010068,เรียนจบภายในเวลา 3 ปี,0,0,0,2,1,3,1,6,7,0,0,0,0,0,0,0,0,0
2568-3,86010068,4 ปี,0,0,0,0,0,0,0,0,0,0,0,0,0,0,0,0,0,0
2568-3,86010068,5 ปี,0,0,0,0,0,0,0,0,0,0,0,0,0,0,0,0,0,0
2568-3,86010068,มากกว่า 5 ปี,0,0,0,0,0,0,0,0,0,0,0,0,0,0,0,0,0,0
2568-3,86010069,นักเรียนจบทั้งหมด,7,3,10,7,6,13,7,9,16,11,4,15,0,0,0,0,0,0
2568-3,86010069,เรียนจบภายในเวลา 1 ปี,0,0,0,0,0,0,0,0,0,0,0,0,0,0,0,0,0,0
2568-3,86010069,2 ปี,0,0,0,0,0,0,0,0,0,0,0,0,0,0,0,0,0,0
2568-3,86010069,มากกว่า 2 ปี,7,3,10,0,0,0,0,0,0,0,0,0,0,0,0,0,0,0
2568-3,86010069,เรียนจบภายในเวลา 3 ปี,0,0,0,7,6,13,7,9,16,11,4,15,0,0,0,0,0,0
2568-3,86010069,4 ปี,0,0,0,0,0,0,0,0,0,0,0,0,0,0,0,0,0,0
2568-3,86010069,5 ปี,0,0,0,0,0,0,0,0,0,0,0,0,0,0,0,0,0,0
2568-3,86010069,มากกว่า 5 ปี,0,0,0,0,0,0,0,0,0,0,0,0,0,0,0,0,0,0
2568-3,86010070,นักเรียนจบทั้งหมด,12,9,21,8,9,17,12,7,19,0,0,0,0,0,0,0,0,0
2568-3,86010070,เรียนจบภายในเวลา 1 ปี,0,0,0,0,0,0,0,0,0,0,0,0,0,0,0,0,0,0
2568-3,86010070,2 ปี,12,9,21,0,0,0,0,0,0,0,0,0,0,0,0,0,0,0
2568-3,86010070,มากกว่า 2 ปี,0,0,0,0,0,0,0,0,0,0,0,0,0,0,0,0,0,0
2568-3,86010070,เรียนจบภายในเวลา 3 ปี,0,0,0,8,9,17,12,7,19,0,0,0,0,0,0,0,0,0
2568-3,86010070,4 ปี,0,0,0,0,0,0,0,0,0,0,0,0,0,0,0,0,0,0
2568-3,86010070,5 ปี,0,0,0,0,0,0,0,0,0,0,0,0,0,0,0,0,0,0
2568-3,86010070,มากกว่า 5 ปี,0,0,0,0,0,0,0,0,0,0,0,0,0,0,0,0,0,0
2568-3,86010071,นักเรียนจบทั้งหมด,11,5,16,13,7,20,9,11,20,3,2,5,0,0,0,0,0,0
2568-3,86010071,เรียนจบภายในเวลา 1 ปี,0,0,0,0,0,0,0,0,0,0,0,0,0,0,0,0,0,0
2568-3,86010071,2 ปี,0,0,0,0,0,0,0,0,0,0,0,0,0,0,0,0,0,0
2568-3,86010071,มากกว่า 2 ปี,11,5,16,0,0,0,0,0,0,0,0,0,0,0,0,0,0,0
2568-3,86010071,เรียนจบภายในเวลา 3 ปี,0,0,0,13,7,20,9,11,20,3,2,5,0,0,0,0,0,0
2568-3,86010071,4 ปี,0,0,0,0,0,0,0,0,0,0,0,0,0,0,0,0,0,0
2568-3,86010071,5 ปี,0,0,0,0,0,0,0,0,0,0,0,0,0,0,0,0,0,0
2568-3,86010071,มากกว่า 5 ปี,0,0,0,0,0,0,0,0,0,0,0,0,0,0,0,0,0,0
2568-3,86010072,นักเรียนจบทั้งหมด,2,7,9,3,3,6,8,3,11,0,0,0,0,0,0,0,0,0
2568-3,86010072,เรียนจบภายในเวลา 1 ปี,0,0,0,0,0,0,0,0,0,0,0,0,0,0,0,0,0,0
2568-3,86010072,2 ปี,0,0,0,0,0,0,0,0,0,0,0,0,0,0,0,0,0,0
2568-3,86010072,มากกว่า 2 ปี,2,7,9,0,0,0,0,0,0,0,0,0,0,0,0,0,0,0
2568-3,86010072,เรียนจบภายในเวลา 3 ปี,0,0,0,3,3,6,8,3,11,0,0,0,0,0,0,0,0,0
2568-3,86010072,4 ปี,0,0,0,0,0,0,0,0,0,0,0,0,0,0,0,0,0,0
2568-3,86010072,5 ปี,0,0,0,0,0,0,0,0,0,0,0,0,0,0,0,0,0,0
2568-3,86010072,มากกว่า 5 ปี,0,0,0,0,0,0,0,0,0,0,0,0,0,0,0,0,0,0
2568-3,86010073,นักเรียนจบทั้งหมด,3,2,5,5,1,6,5,5,10,0,0,0,0,0,0,0,0,0
2568-3,86010073,เรียนจบภายในเวลา 1 ปี,0,0,0,0,0,0,0,0,0,0,0,0,0,0,0,0,0,0
2568-3,86010073,2 ปี,0,0,0,0,0,0,0,0,0,0,0,0,0,0,0,0,0,0
2568-3,86010073,มากกว่า 2 ปี,3,2,5,0,0,0,0,0,0,0,0,0,0,0,0,0,0,0
2568-3,86010073,เรียนจบภายในเวลา 3 ปี,0,0,0,5,1,6,5,5,10,0,0,0,0,0,0,0,0,0
2568-3,86010073,4 ปี,0,0,0,0,0,0,0,0,0,0,0,0,0,0,0,0,0,0
2568-3,86010073,5 ปี,0,0,0,0,0,0,0,0,0,0,0,0,0,0,0,0,0,0
2568-3,86010073,มากกว่า 5 ปี,0,0,0,0,0,0,0,0,0,0,0,0,0,0,0,0,0,0
2568-3,86010075,นักเรียนจบทั้งหมด,0,0,0,0,0,0,0,0,0,0,0,0,0,0,0,0,0,0
2568-3,86010075,เรียนจบภายในเวลา 1 ปี,0,0,0,0,0,0,0,0,0,0,0,0,0,0,0,0,0,0
2568-3,86010075,2 ปี,0,0,0,0,0,0,0,0,0,0,0,0,0,0,0,0,0,0
2568-3,86010075,มากกว่า 2 ปี,0,0,0,0,0,0,0,0,0,0,0,0,0,0,0,0,0,0
2568-3,86010075,เรียนจบภายในเวลา 3 ปี,0,0,0,0,0,0,0,0,0,0,0,0,0,0,0,0,0,0
2568-3,86010075,4 ปี,0,0,0,0,0,0,0,0,0,0,0,0,0,0,0,0,0,0
2568-3,86010075,5 ปี,0,0,0,0,0,0,0,0,0,0,0,0,0,0,0,0,0,0
2568-3,86010075,มากกว่า 5 ปี,0,0,0,0,0,0,0,0,0,0,0,0,0,0,0,0,0,0
2568-3,86010076,นักเรียนจบทั้งหมด,10,13,23,19,8,27,21,10,31,0,0,0,0,0,0,0,0,0
2568-3,86010076,เรียนจบภายในเวลา 1 ปี,0,0,0,0,0,0,0,0,0,0,0,0,0,0,0,0,0,0
2568-3,86010076,2 ปี,0,0,0,0,0,0,0,0,0,0,0,0,0,0,0,0,0,0
2568-3,86010076,มากกว่า 2 ปี,10,13,23,0,0,0,0,0,0,0,0,0,0,0,0,0,0,0
2568-3,86010076,เรียนจบภายในเวลา 3 ปี,0,0,0,19,8,27,21,10,31,0,0,0,0,0,0,0,0,0
2568-3,86010076,4 ปี,0,0,0,0,0,0,0,0,0,0,0,0,0,0,0,0,0,0
2568-3,86010076,5 ปี,0,0,0,0,0,0,0,0,0,0,0,0,0,0,0,0,0,0
2568-3,86010076,มากกว่า 5 ปี,0,0,0,0,0,0,0,0,0,0,0,0,0,0,0,0,0,0
2568-3,86010077,นักเรียนจบทั้งหมด,5,6,11,3,3,6,2,1,3,0,0,0,0,0,0,0,0,0
2568-3,86010077,เรียนจบภายในเวลา 1 ปี,0,0,0,0,0,0,0,0,0,0,0,0,0,0,0,0,0,0
2568-3,86010077,2 ปี,0,0,0,0,0,0,0,0,0,0,0,0,0,0,0,0,0,0
2568-3,86010077,มากกว่า 2 ปี,5,6,11,0,0,0,0,0,0,0,0,0,0,0,0,0,0,0
2568-3,86010077,เรียนจบภายในเวลา 3 ปี,0,0,0,3,3,6,2,1,3,0,0,0,0,0,0,0,0,0
2568-3,86010077,4 ปี,0,0,0,0,0,0,0,0,0,0,0,0,0,0,0,0,0,0
2568-3,86010077,5 ปี,0,0,0,0,0,0,0,0,0,0,0,0,0,0,0,0,0,0
2568-3,86010077,มากกว่า 5 ปี,0,0,0,0,0,0,0,0,0,0,0,0,0,0,0,0,0,0
2568-3,86010078,นักเรียนจบทั้งหมด,8,8,16,11,5,16,8,5,13,0,0,0,0,0,0,0,0,0
2568-3,86010078,เรียนจบภายในเวลา 1 ปี,0,0,0,0,0,0,0,0,0,0,0,0,0,0,0,0,0,0
2568-3,86010078,2 ปี,0,0,0,0,0,0,0,0,0,0,0,0,0,0,0,0,0,0
2568-3,86010078,มากกว่า 2 ปี,8,8,16,0,0,0,0,0,0,0,0,0,0,0,0,0,0,0
2568-3,86010078,เรียนจบภายในเวลา 3 ปี,0,0,0,11,5,16,8,5,13,0,0,0,0,0,0,0,0,0
2568-3,86010078,4 ปี,0,0,0,0,0,0,0,0,0,0,0,0,0,0,0,0,0,0
2568-3,86010078,5 ปี,0,0,0,0,0,0,0,0,0,0,0,0,0,0,0,0,0,0
2568-3,86010078,มากกว่า 5 ปี,0,0,0,0,0,0,0,0,0,0,0,0,0,0,0,0,0,0
2568-3,86010079,นักเรียนจบทั้งหมด,19,25,44,22,16,38,22,25,47,0,0,0,0,0,0,0,0,0
2568-3,86010079,เรียนจบภายในเวลา 1 ปี,0,0,0,0,0,0,0,0,0,0,0,0,0,0,0,0,0,0
2568-3,86010079,2 ปี,0,0,0,0,0,0,0,0,0,0,0,0,0,0,0,0,0,0
2568-3,86010079,มากกว่า 2 ปี,19,25,44,0,0,0,0,0,0,0,0,0,0,0,0,0,0,0
2568-3,86010079,เรียนจบภายในเวลา 3 ปี,0,0,0,22,16,38,22,25,47,0,0,0,0,0,0,0,0,0
2568-3,86010079,4 ปี,0,0,0,0,0,0,0,0,0,0,0,0,0,0,0,0,0,0
2568-3,86010079,5 ปี,0,0,0,0,0,0,0,0,0,0,0,0,0,0,0,0,0,0
2568-3,86010079,มากกว่า 5 ปี,0,0,0,0,0,0,0,0,0,0,0,0,0,0,0,0,0,0
2568-3,86010080,นักเรียนจบทั้งหมด,4,5,9,16,8,24,17,17,34,11,18,29,0,0,0,0,0,0
2568-3,86010080,เรียนจบภายในเวลา 1 ปี,1,1,2,0,0,0,0,0,0,0,0,0,0,0,0,0,0,0
2568-3,86010080,2 ปี,3,4,7,0,0,0,0,0,0,0,0,0,0,0,0,0,0,0
2568-3,86010080,มากกว่า 2 ปี,0,0,0,0,0,0,0,0,0,0,0,0,0,0,0,0,0,0
2568-3,86010080,เรียนจบภายในเวลา 3 ปี,0,0,0,16,8,24,17,17,34,11,18,29,0,0,0,0,0,0
2568-3,86010080,4 ปี,0,0,0,0,0,0,0,0,0,0,0,0,0,0,0,0,0,0
2568-3,86010080,5 ปี,0,0,0,0,0,0,0,0,0,0,0,0,0,0,0,0,0,0
2568-3,86010080,มากกว่า 5 ปี,0,0,0,0,0,0,0,0,0,0,0,0,0,0,0,0,0,0
2568-3,86010083,นักเรียนจบทั้งหมด,34,37,71,40,36,76,54,50,104,33,20,53,0,0,0,0,0,0
2568-3,86010083,เรียนจบภายในเวลา 1 ปี,0,0,0,0,0,0,0,0,0,0,0,0,0,0,0,0,0,0
2568-3,86010083,2 ปี,0,0,0,0,0,0,0,0,0,0,0,0,0,0,0,0,0,0
2568-3,86010083,มากกว่า 2 ปี,34,37,71,0,0,0,0,0,0,0,0,0,0,0,0,0,0,0
2568-3,86010083,เรียนจบภายในเวลา 3 ปี,0,0,0,40,36,76,54,50,104,33,20,53,0,0,0,0,0,0
2568-3,86010083,4 ปี,0,0,0,0,0,0,0,0,0,0,0,0,0,0,0,0,0,0
2568-3,86010083,5 ปี,0,0,0,0,0,0,0,0,0,0,0,0,0,0,0,0,0,0
2568-3,86010083,มากกว่า 5 ปี,0,0,0,0,0,0,0,0,0,0,0,0,0,0,0,0,0,0
2568-3,86010089,นักเรียนจบทั้งหมด,3,3,6,2,1,3,4,2,6,0,0,0,0,0,0,0,0,0
2568-3,86010089,เรียนจบภายในเวลา 1 ปี,0,0,0,0,0,0,0,0,0,0,0,0,0,0,0,0,0,0
2568-3,86010089,2 ปี,0,0,0,0,0,0,0,0,0,0,0,0,0,0,0,0,0,0
2568-3,86010089,มากกว่า 2 ปี,3,3,6,0,0,0,0,0,0,0,0,0,0,0,0,0,0,0
2568-3,86010089,เรียนจบภายในเวลา 3 ปี,0,0,0,2,1,3,4,2,6,0,0,0,0,0,0,0,0,0
2568-3,86010089,4 ปี,0,0,0,0,0,0,0,0,0,0,0,0,0,0,0,0,0,0
2568-3,86010089,5 ปี,0,0,0,0,0,0,0,0,0,0,0,0,0,0,0,0,0,0
2568-3,86010089,มากกว่า 5 ปี,0,0,0,0,0,0,0,0,0,0,0,0,0,0,0,0,0,0
2568-3,86010090,นักเรียนจบทั้งหมด,9,16,25,8,12,20,15,13,28,0,0,0,0,0,0,0,0,0
2568-3,86010090,เรียนจบภายในเวลา 1 ปี,0,0,0,0,0,0,0,0,0,0,0,0,0,0,0,0,0,0
2568-3,86010090,2 ปี,0,0,0,0,0,0,0,0,0,0,0,0,0,0,0,0,0,0
2568-3,86010090,มากกว่า 2 ปี,9,16,25,0,0,0,0,0,0,0,0,0,0,0,0,0,0,0
2568-3,86010090,เรียนจบภายในเวลา 3 ปี,0,0,0,8,12,20,15,13,28,0,0,0,0,0,0,0,0,0
2568-3,86010090,4 ปี,0,0,0,0,0,0,0,0,0,0,0,0,0,0,0,0,0,0
2568-3,86010090,5 ปี,0,0,0,0,0,0,0,0,0,0,0,0,0,0,0,0,0,0
2568-3,86010090,มากกว่า 5 ปี,0,0,0,0,0,0,0,0,0,0,0,0,0,0,0,0,0,0
2568-3,86010091,นักเรียนจบทั้งหมด,2,1,3,4,0,4,1,2,3,0,0,0,0,0,0,0,0,0
2568-3,86010091,เรียนจบภายในเวลา 1 ปี,0,0,0,0,0,0,0,0,0,0,0,0,0,0,0,0,0,0
2568-3,86010091,2 ปี,0,0,0,0,0,0,0,0,0,0,0,0,0,0,0,0,0,0
2568-3,86010091,มากกว่า 2 ปี,2,1,3,0,0,0,0,0,0,0,0,0,0,0,0,0,0,0
2568-3,86010091,เรียนจบภายในเวลา 3 ปี,0,0,0,4,0,4,1,2,3,0,0,0,0,0,0,0,0,0
2568-3,86010091,4 ปี,0,0,0,0,0,0,0,0,0,0,0,0,0,0,0,0,0,0
2568-3,86010091,5 ปี,0,0,0,0,0,0,0,0,0,0,0,0,0,0,0,0,0,0
2568-3,86010091,มากกว่า 5 ปี,0,0,0,0,0,0,0,0,0,0,0,0,0,0,0,0,0,0
2568-3,86010092,นักเรียนจบทั้งหมด,11,12,23,14,11,25,14,9,23,12,16,28,0,0,0,0,0,0
2568-3,86010092,เรียนจบภายในเวลา 1 ปี,0,0,0,0,0,0,0,0,0,0,0,0,0,0,0,0,0,0
2568-3,86010092,2 ปี,0,0,0,0,0,0,0,0,0,0,0,0,0,0,0,0,0,0
2568-3,86010092,มากกว่า 2 ปี,11,12,23,0,0,0,0,0,0,0,0,0,0,0,0,0,0,0
2568-3,86010092,เรียนจบภายในเวลา 3 ปี,0,0,0,14,11,25,14,9,23,12,16,28,0,0,0,0,0,0
2568-3,86010092,4 ปี,0,0,0,0,0,0,0,0,0,0,0,0,0,0,0,0,0,0
2568-3,86010092,5 ปี,0,0,0,0,0,0,0,0,0,0,0,0,0,0,0,0,0,0
2568-3,86010092,มากกว่า 5 ปี,0,0,0,0,0,0,0,0,0,0,0,0,0,0,0,0,0,0
2568-3,86010093,นักเรียนจบทั้งหมด,38,48,86,61,45,106,40,48,88,43,24,67,0,0,0,0,0,0
2568-3,86010093,เรียนจบภายในเวลา 1 ปี,0,0,0,0,0,0,0,0,0,0,0,0,0,0,0,0,0,0
2568-3,86010093,2 ปี,0,0,0,0,0,0,0,0,0,0,0,0,0,0,0,0,0,0
2568-3,86010093,มากกว่า 2 ปี,38,48,86,0,0,0,0,0,0,0,0,0,0,0,0,0,0,0
2568-3,86010093,เรียนจบภายในเวลา 3 ปี,0,0,0,61,45,106,40,48,88,43,24,67,0,0,0,0,0,0
2568-3,86010093,4 ปี,0,0,0,0,0,0,0,0,0,0,0,0,0,0,0,0,0,0
2568-3,86010093,5 ปี,0,0,0,0,0,0,0,0,0,0,0,0,0,0,0,0,0,0
2568-3,86010093,มากกว่า 5 ปี,0,0,0,0,0,0,0,0,0,0,0,0,0,0,0,0,0,0
2568-3,86010094,นักเรียนจบทั้งหมด,5,5,10,8,5,13,2,4,6,0,0,0,0,0,0,0,0,0
2568-3,86010094,เรียนจบภายในเวลา 1 ปี,0,0,0,0,0,0,0,0,0,0,0,0,0,0,0,0,0,0
2568-3,86010094,2 ปี,0,0,0,0,0,0,0,0,0,0,0,0,0,0,0,0,0,0
2568-3,86010094,มากกว่า 2 ปี,5,5,10,0,0,0,0,0,0,0,0,0,0,0,0,0,0,0
2568-3,86010094,เรียนจบภายในเวลา 3 ปี,0,0,0,8,5,13,2,4,6,0,0,0,0,0,0,0,0,0
2568-3,86010094,4 ปี,0,0,0,0,0,0,0,0,0,0,0,0,0,0,0,0,0,0
2568-3,86010094,5 ปี,0,0,0,0,0,0,0,0,0,0,0,0,0,0,0,0,0,0
2568-3,86010094,มากกว่า 5 ปี,0,0,0,0,0,0,0,0,0,0,0,0,0,0,0,0,0,0
2568-3,86010095,นักเรียนจบทั้งหมด,15,8,23,16,15,31,13,17,30,14,26,40,0,0,0,0,0,0
2568-3,86010095,เรียนจบภายในเวลา 1 ปี,0,0,0,0,0,0,0,0,0,0,0,0,0,0,0,0,0,0
2568-3,86010095,2 ปี,0,0,0,0,0,0,0,0,0,0,0,0,0,0,0,0,0,0
2568-3,86010095,มากกว่า 2 ปี,15,8,23,0,0,0,0,0,0,0,0,0,0,0,0,0,0,0
2568-3,86010095,เรียนจบภายในเวลา 3 ปี,0,0,0,16,15,31,13,17,30,14,26,40,0,0,0,0,0,0
2568-3,86010095,4 ปี,0,0,0,0,0,0,0,0,0,0,0,0,0,0,0,0,0,0
2568-3,86010095,5 ปี,0,0,0,0,0,0,0,0,0,0,0,0,0,0,0,0,0,0
2568-3,86010095,มากกว่า 5 ปี,0,0,0,0,0,0,0,0,0,0,0,0,0,0,0,0,0,0
2568-3,86010096,นักเรียนจบทั้งหมด,14,11,25,14,16,30,13,20,33,18,9,27,0,0,0,0,0,0
2568-3,86010096,เรียนจบภายในเวลา 1 ปี,0,0,0,0,0,0,0,0,0,0,0,0,0,0,0,0,0,0
2568-3,86010096,2 ปี,0,0,0,0,0,0,0,0,0,0,0,0,0,0,0,0,0,0
2568-3,86010096,มากกว่า 2 ปี,14,11,25,0,0,0,0,0,0,0,0,0,0,0,0,0,0,0
2568-3,86010096,เรียนจบภายในเวลา 3 ปี,0,0,0,14,16,30,13,20,33,18,9,27,0,0,0,0,0,0
2568-3,86010096,4 ปี,0,0,0,0,0,0,0,0,0,0,0,0,0,0,0,0,0,0
2568-3,86010096,5 ปี,0,0,0,0,0,0,0,0,0,0,0,0,0,0,0,0,0,0
2568-3,86010096,มากกว่า 5 ปี,0,0,0,0,0,0,0,0,0,0,0,0,0,0,0,0,0,0
2568-3,86010097,นักเรียนจบทั้งหมด,2,1,3,3,6,9,6,0,6,0,0,0,0,0,0,0,0,0
2568-3,86010097,เรียนจบภายในเวลา 1 ปี,0,0,0,0,0,0,0,0,0,0,0,0,0,0,0,0,0,0
2568-3,86010097,2 ปี,0,0,0,0,0,0,0,0,0,0,0,0,0,0,0,0,0,0
2568-3,86010097,มากกว่า 2 ปี,2,1,3,0,0,0,0,0,0,0,0,0,0,0,0,0,0,0
2568-3,86010097,เรียนจบภายในเวลา 3 ปี,0,0,0,3,6,9,4,0,4,0,0,0,0,0,0,0,0,0
2568-3,86010097,4 ปี,0,0,0,0,0,0,2,0,2,0,0,0,0,0,0,0,0,0
2568-3,86010097,5 ปี,0,0,0,0,0,0,0,0,0,0,0,0,0,0,0,0,0,0
2568-3,86010097,มากกว่า 5 ปี,0,0,0,0,0,0,0,0,0,0,0,0,0,0,0,0,0,0
2568-3,86010098,นักเรียนจบทั้งหมด,9,10,19,9,11,20,10,7,17,0,0,0,0,0,0,0,0,0
2568-3,86010098,เรียนจบภายในเวลา 1 ปี,0,0,0,0,0,0,0,0,0,0,0,0,0,0,0,0,0,0
2568-3,86010098,2 ปี,0,0,0,0,0,0,0,0,0,0,0,0,0,0,0,0,0,0
2568-3,86010098,มากกว่า 2 ปี,9,10,19,0,0,0,0,0,0,0,0,0,0,0,0,0,0,0
2568-3,86010098,เรียนจบภายในเวลา 3 ปี,0,0,0,9,11,20,10,7,17,0,0,0,0,0,0,0,0,0
2568-3,86010098,4 ปี,0,0,0,0,0,0,0,0,0,0,0,0,0,0,0,0,0,0
2568-3,86010098,5 ปี,0,0,0,0,0,0,0,0,0,0,0,0,0,0,0,0,0,0
2568-3,86010098,มากกว่า 5 ปี,0,0,0,0,0,0,0,0,0,0,0,0,0,0,0,0,0,0
2568-3,86010099,นักเรียนจบทั้งหมด,9,14,23,9,8,17,10,4,14,0,0,0,0,0,0,0,0,0
2568-3,86010099,เรียนจบภายในเวลา 1 ปี,0,0,0,0,0,0,0,0,0,0,0,0,0,0,0,0,0,0
2568-3,86010099,2 ปี,0,0,0,0,0,0,0,0,0,0,0,0,0,0,0,0,0,0
2568-3,86010099,มากกว่า 2 ปี,9,14,23,0,0,0,0,0,0,0,0,0,0,0,0,0,0,0
2568-3,86010099,เรียนจบภายในเวลา 3 ปี,0,0,0,9,8,17,10,4,14,0,0,0,0,0,0,0,0,0
2568-3,86010099,4 ปี,0,0,0,0,0,0,0,0,0,0,0,0,0,0,0,0,0,0
2568-3,86010099,5 ปี,0,0,0,0,0,0,0,0,0,0,0,0,0,0,0,0,0,0
2568-3,86010099,มากกว่า 5 ปี,0,0,0,0,0,0,0,0,0,0,0,0,0,0,0,0,0,0
2568-3,86010100,นักเรียนจบทั้งหมด,5,4,9,6,4,10,7,6,13,5,7,12,0,0,0,0,0,0
2568-3,86010100,เรียนจบภายในเวลา 1 ปี,0,0,0,0,0,0,0,0,0,0,0,0,0,0,0,0,0,0
2568-3,86010100,2 ปี,0,0,0,0,0,0,0,0,0,0,0,0,0,0,0,0,0,0
2568-3,86010100,มากกว่า 2 ปี,5,4,9,0,0,0,0,0,0,0,0,0,0,0,0,0,0,0
2568-3,86010100,เรียนจบภายในเวลา 3 ปี,0,0,0,6,4,10,7,6,13,5,7,12,0,0,0,0,0,0
2568-3,86010100,4 ปี,0,0,0,0,0,0,0,0,0,0,0,0,0,0,0,0,0,0
2568-3,86010100,5 ปี,0,0,0,0,0,0,0,0,0,0,0,0,0,0,0,0,0,0
2568-3,86010100,มากกว่า 5 ปี,0,0,0,0,0,0,0,0,0,0,0,0,0,0,0,0,0,0
2568-3,86010101,นักเรียนจบทั้งหมด,2,4,6,3,6,9,3,1,4,0,0,0,0,0,0,0,0,0
2568-3,86010101,เรียนจบภายในเวลา 1 ปี,0,0,0,0,0,0,0,0,0,0,0,0,0,0,0,0,0,0
2568-3,86010101,2 ปี,0,0,0,0,0,0,0,0,0,0,0,0,0,0,0,0,0,0
2568-3,86010101,มากกว่า 2 ปี,2,4,6,0,0,0,0,0,0,0,0,0,0,0,0,0,0,0
2568-3,86010101,เรียนจบภายในเวลา 3 ปี,0,0,0,0,0,0,3,1,4,0,0,0,0,0,0,0,0,0
2568-3,86010101,4 ปี,0,0,0,3,6,9,0,0,0,0,0,0,0,0,0,0,0,0
2568-3,86010101,5 ปี,0,0,0,0,0,0,0,0,0,0,0,0,0,0,0,0,0,0
2568-3,86010101,มากกว่า 5 ปี,0,0,0,0,0,0,0,0,0,0,0,0,0,0,0,0,0,0
2568-3,86010102,นักเรียนจบทั้งหมด,30,30,60,20,22,42,26,37,63,18,27,45,0,0,0,0,0,0
2568-3,86010102,เรียนจบภายในเวลา 1 ปี,0,0,0,0,0,0,0,0,0,0,0,0,0,0,0,0,0,0
2568-3,86010102,2 ปี,0,0,0,0,0,0,0,0,0,0,0,0,0,0,0,0,0,0
2568-3,86010102,มากกว่า 2 ปี,30,30,60,0,0,0,0,0,0,0,0,0,0,0,0,0,0,0
2568-3,86010102,เรียนจบภายในเวลา 3 ปี,0,0,0,20,22,42,26,37,63,18,27,45,0,0,0,0,0,0
2568-3,86010102,4 ปี,0,0,0,0,0,0,0,0,0,0,0,0,0,0,0,0,0,0
2568-3,86010102,5 ปี,0,0,0,0,0,0,0,0,0,0,0,0,0,0,0,0,0,0
2568-3,86010102,มากกว่า 5 ปี,0,0,0,0,0,0,0,0,0,0,0,0,0,0,0,0,0,0
2568-3,86010103,นักเรียนจบทั้งหมด,10,13,23,12,15,27,13,10,23,13,10,23,0,0,0,0,0,0
2568-3,86010103,เรียนจบภายในเวลา 1 ปี,0,0,0,0,0,0,0,0,0,0,0,0,0,0,0,0,0,0
2568-3,86010103,2 ปี,10,13,23,0,0,0,0,0,0,0,0,0,0,0,0,0,0,0
2568-3,86010103,มากกว่า 2 ปี,0,0,0,0,0,0,0,0,0,0,0,0,0,0,0,0,0,0
2568-3,86010103,เรียนจบภายในเวลา 3 ปี,0,0,0,12,15,27,13,10,23,13,10,23,0,0,0,0,0,0
2568-3,86010103,4 ปี,0,0,0,0,0,0,0,0,0,0,0,0,0,0,0,0,0,0
2568-3,86010103,5 ปี,0,0,0,0,0,0,0,0,0,0,0,0,0,0,0,0,0,0
2568-3,86010103,มากกว่า 5 ปี,0,0,0,0,0,0,0,0,0,0,0,0,0,0,0,0,0,0
2568-3,86010104,นักเรียนจบทั้งหมด,21,15,36,11,18,29,20,14,34,11,12,23,0,0,0,0,0,0
2568-3,86010104,เรียนจบภายในเวลา 1 ปี,0,0,0,0,0,0,0,0,0,0,0,0,0,0,0,0,0,0
2568-3,86010104,2 ปี,21,15,36,0,0,0,0,0,0,0,0,0,0,0,0,0,0,0
2568-3,86010104,มากกว่า 2 ปี,0,0,0,0,0,0,0,0,0,0,0,0,0,0,0,0,0,0
2568-3,86010104,เรียนจบภายในเวลา 3 ปี,0,0,0,11,18,29,19,14,33,10,12,22,0,0,0,0,0,0
2568-3,86010104,4 ปี,0,0,0,0,0,0,1,0,1,0,0,0,0,0,0,0,0,0
2568-3,86010104,5 ปี,0,0,0,0,0,0,0,0,0,1,0,1,0,0,0,0,0,0
2568-3,86010104,มากกว่า 5 ปี,0,0,0,0,0,0,0,0,0,0,0,0,0,0,0,0,0,0
2568-3,86010105,นักเรียนจบทั้งหมด,3,9,12,0,9,9,8,5,13,0,0,0,0,0,0,0,0,0
2568-3,86010105,เรียนจบภายในเวลา 1 ปี,0,0,0,0,0,0,0,0,0,0,0,0,0,0,0,0,0,0
2568-3,86010105,2 ปี,0,0,0,0,0,0,0,0,0,0,0,0,0,0,0,0,0,0
2568-3,86010105,มากกว่า 2 ปี,3,9,12,0,0,0,0,0,0,0,0,0,0,0,0,0,0,0
2568-3,86010105,เรียนจบภายในเวลา 3 ปี,0,0,0,0,0,0,8,5,13,0,0,0,0,0,0,0,0,0
2568-3,86010105,4 ปี,0,0,0,0,0,0,0,0,0,0,0,0,0,0,0,0,0,0
2568-3,86010105,5 ปี,0,0,0,0,0,0,0,0,0,0,0,0,0,0,0,0,0,0
2568-3,86010105,มากกว่า 5 ปี,0,0,0,0,9,9,0,0,0,0,0,0,0,0,0,0,0,0
2568-3,86010106,นักเรียนจบทั้งหมด,6,3,9,8,6,14,9,7,16,0,0,0,0,0,0,0,0,0
2568-3,86010106,เรียนจบภายในเวลา 1 ปี,0,0,0,0,0,0,0,0,0,0,0,0,0,0,0,0,0,0
2568-3,86010106,2 ปี,0,0,0,0,0,0,0,0,0,0,0,0,0,0,0,0,0,0
2568-3,86010106,มากกว่า 2 ปี,6,3,9,0,0,0,0,0,0,0,0,0,0,0,0,0,0,0
2568-3,86010106,เรียนจบภายในเวลา 3 ปี,0,0,0,8,6,14,9,7,16,0,0,0,0,0,0,0,0,0
2568-3,86010106,4 ปี,0,0,0,0,0,0,0,0,0,0,0,0,0,0,0,0,0,0
2568-3,86010106,5 ปี,0,0,0,0,0,0,0,0,0,0,0,0,0,0,0,0,0,0
2568-3,86010106,มากกว่า 5 ปี,0,0,0,0,0,0,0,0,0,0,0,0,0,0,0,0,0,0
2568-3,86010107,นักเรียนจบทั้งหมด,9,8,17,8,9,17,8,9,17,0,0,0,0,0,0,0,0,0
2568-3,86010107,เรียนจบภายในเวลา 1 ปี,0,0,0,0,0,0,0,0,0,0,0,0,0,0,0,0,0,0
2568-3,86010107,2 ปี,0,0,0,0,0,0,0,0,0,0,0,0,0,0,0,0,0,0
2568-3,86010107,มากกว่า 2 ปี,9,8,17,0,0,0,0,0,0,0,0,0,0,0,0,0,0,0
2568-3,86010107,เรียนจบภายในเวลา 3 ปี,0,0,0,8,9,17,8,9,17,0,0,0,0,0,0,0,0,0
2568-3,86010107,4 ปี,0,0,0,0,0,0,0,0,0,0,0,0,0,0,0,0,0,0
2568-3,86010107,5 ปี,0,0,0,0,0,0,0,0,0,0,0,0,0,0,0,0,0,0
2568-3,86010107,มากกว่า 5 ปี,0,0,0,0,0,0,0,0,0,0,0,0,0,0,0,0,0,0
2568-3,86010108,นักเรียนจบทั้งหมด,19,11,30,17,23,40,18,19,37,28,33,61,0,0,0,0,0,0
2568-3,86010108,เรียนจบภายในเวลา 1 ปี,0,0,0,0,0,0,0,0,0,0,0,0,0,0,0,0,0,0
2568-3,86010108,2 ปี,0,0,0,0,0,0,0,0,0,0,0,0,0,0,0,0,0,0
2568-3,86010108,มากกว่า 2 ปี,19,11,30,0,0,0,0,0,0,0,0,0,0,0,0,0,0,0
2568-3,86010108,เรียนจบภายในเวลา 3 ปี,0,0,0,17,23,40,18,19,37,28,33,61,0,0,0,0,0,0
2568-3,86010108,4 ปี,0,0,0,0,0,0,0,0,0,0,0,0,0,0,0,0,0,0
2568-3,86010108,5 ปี,0,0,0,0,0,0,0,0,0,0,0,0,0,0,0,0,0,0
2568-3,86010108,มากกว่า 5 ปี,0,0,0,0,0,0,0,0,0,0,0,0,0,0,0,0,0,0
2568-3,86010109,นักเรียนจบทั้งหมด,4,2,6,4,4,8,1,5,6,0,0,0,0,0,0,0,0,0
2568-3,86010109,เรียนจบภายในเวลา 1 ปี,0,0,0,0,0,0,0,0,0,0,0,0,0,0,0,0,0,0
2568-3,86010109,2 ปี,1,1,2,0,0,0,0,0,0,0,0,0,0,0,0,0,0,0
2568-3,86010109,มากกว่า 2 ปี,3,1,4,0,0,0,0,0,0,0,0,0,0,0,0,0,0,0
2568-3,86010109,เรียนจบภายในเวลา 3 ปี,0,0,0,0,0,0,0,1,1,0,0,0,0,0,0,0,0,0
2568-3,86010109,4 ปี,0,0,0,0,0,0,0,0,0,0,0,0,0,0,0,0,0,0
2568-3,86010109,5 ปี,0,0,0,0,0,0,1,4,5,0,0,0,0,0,0,0,0,0
2568-3,86010109,มากกว่า 5 ปี,0,0,0,4,4,8,0,0,0,0,0,0,0,0,0,0,0,0
2568-3,86010110,นักเรียนจบทั้งหมด,4,4,8,3,6,9,7,5,12,2,4,6,0,0,0,0,0,0
2568-3,86010110,เรียนจบภายในเวลา 1 ปี,0,0,0,0,0,0,0,0,0,0,0,0,0,0,0,0,0,0
2568-3,86010110,2 ปี,0,0,0,0,0,0,0,0,0,0,0,0,0,0,0,0,0,0
2568-3,86010110,มากกว่า 2 ปี,4,4,8,0,0,0,0,0,0,0,0,0,0,0,0,0,0,0
2568-3,86010110,เรียนจบภายในเวลา 3 ปี,0,0,0,3,6,9,7,5,12,2,4,6,0,0,0,0,0,0
2568-3,86010110,4 ปี,0,0,0,0,0,0,0,0,0,0,0,0,0,0,0,0,0,0
2568-3,86010110,5 ปี,0,0,0,0,0,0,0,0,0,0,0,0,0,0,0,0,0,0
2568-3,86010110,มากกว่า 5 ปี,0,0,0,0,0,0,0,0,0,0,0,0,0,0,0,0,0,0
2568-3,86010111,นักเรียนจบทั้งหมด,17,4,21,11,5,16,10,9,19,0,0,0,0,0,0,0,0,0
2568-3,86010111,เรียนจบภายในเวลา 1 ปี,0,0,0,0,0,0,0,0,0,0,0,0,0,0,0,0,0,0
2568-3,86010111,2 ปี,17,4,21,0,0,0,0,0,0,0,0,0,0,0,0,0,0,0
2568-3,86010111,มากกว่า 2 ปี,0,0,0,0,0,0,0,0,0,0,0,0,0,0,0,0,0,0
2568-3,86010111,เรียนจบภายในเวลา 3 ปี,0,0,0,11,5,16,10,9,19,0,0,0,0,0,0,0,0,0
2568-3,86010111,4 ปี,0,0,0,0,0,0,0,0,0,0,0,0,0,0,0,0,0,0
2568-3,86010111,5 ปี,0,0,0,0,0,0,0,0,0,0,0,0,0,0,0,0,0,0
2568-3,86010111,มากกว่า 5 ปี,0,0,0,0,0,0,0,0,0,0,0,0,0,0,0,0,0,0
2568-3,86010112,นักเรียนจบทั้งหมด,9,5,14,9,8,17,5,8,13,0,0,0,0,0,0,0,0,0
2568-3,86010112,เรียนจบภายในเวลา 1 ปี,0,0,0,0,0,0,0,0,0,0,0,0,0,0,0,0,0,0
2568-3,86010112,2 ปี,0,0,0,0,0,0,0,0,0,0,0,0,0,0,0,0,0,0
2568-3,86010112,มากกว่า 2 ปี,9,5,14,0,0,0,0,0,0,0,0,0,0,0,0,0,0,0
2568-3,86010112,เรียนจบภายในเวลา 3 ปี,0,0,0,9,8,17,5,8,13,0,0,0,0,0,0,0,0,0
2568-3,86010112,4 ปี,0,0,0,0,0,0,0,0,0,0,0,0,0,0,0,0,0,0
2568-3,86010112,5 ปี,0,0,0,0,0,0,0,0,0,0,0,0,0,0,0,0,0,0
2568-3,86010112,มากกว่า 5 ปี,0,0,0,0,0,0,0,0,0,0,0,0,0,0,0,0,0,0
2568-3,86010113,นักเรียนจบทั้งหมด,8,7,15,7,3,10,1,1,2,0,0,0,0,0,0,0,0,0
2568-3,86010113,เรียนจบภายในเวลา 1 ปี,0,0,0,0,0,0,0,0,0,0,0,0,0,0,0,0,0,0
2568-3,86010113,2 ปี,7,7,14,0,0,0,0,0,0,0,0,0,0,0,0,0,0,0
2568-3,86010113,มากกว่า 2 ปี,1,0,1,0,0,0,0,0,0,0,0,0,0,0,0,0,0,0
2568-3,86010113,เรียนจบภายในเวลา 3 ปี,0,0,0,2,0,2,1,1,2,0,0,0,0,0,0,0,0,0
2568-3,86010113,4 ปี,0,0,0,3,1,4,0,0,0,0,0,0,0,0,0,0,0,0
2568-3,86010113,5 ปี,0,0,0,2,2,4,0,0,0,0,0,0,0,0,0,0,0,0
2568-3,86010113,มากกว่า 5 ปี,0,0,0,0,0,0,0,0,0,0,0,0,0,0,0,0,0,0
2568-3,86010115,นักเรียนจบทั้งหมด,15,9,24,10,16,26,7,8,15,9,10,19,0,0,0,0,0,0
2568-3,86010115,เรียนจบภายในเวลา 1 ปี,0,0,0,0,0,0,0,0,0,0,0,0,0,0,0,0,0,0
2568-3,86010115,2 ปี,0,0,0,0,0,0,0,0,0,0,0,0,0,0,0,0,0,0
2568-3,86010115,มากกว่า 2 ปี,15,9,24,0,0,0,0,0,0,0,0,0,0,0,0,0,0,0
2568-3,86010115,เรียนจบภายในเวลา 3 ปี,0,0,0,10,16,26,7,8,15,9,10,19,0,0,0,0,0,0
2568-3,86010115,4 ปี,0,0,0,0,0,0,0,0,0,0,0,0,0,0,0,0,0,0
2568-3,86010115,5 ปี,0,0,0,0,0,0,0,0,0,0,0,0,0,0,0,0,0,0
2568-3,86010115,มากกว่า 5 ปี,0,0,0,0,0,0,0,0,0,0,0,0,0,0,0,0,0,0
2568-3,86010118,นักเรียนจบทั้งหมด,4,4,8,7,5,12,3,5,8,0,0,0,0,0,0,0,0,0
2568-3,86010118,เรียนจบภายในเวลา 1 ปี,0,0,0,0,0,0,0,0,0,0,0,0,0,0,0,0,0,0
2568-3,86010118,2 ปี,0,0,0,0,0,0,0,0,0,0,0,0,0,0,0,0,0,0
2568-3,86010118,มากกว่า 2 ปี,4,4,8,0,0,0,0,0,0,0,0,0,0,0,0,0,0,0
2568-3,86010118,เรียนจบภายในเวลา 3 ปี,0,0,0,7,5,12,3,5,8,0,0,0,0,0,0,0,0,0
2568-3,86010118,4 ปี,0,0,0,0,0,0,0,0,0,0,0,0,0,0,0,0,0,0
2568-3,86010118,5 ปี,0,0,0,0,0,0,0,0,0,0,0,0,0,0,0,0,0,0
2568-3,86010118,มากกว่า 5 ปี,0,0,0,0,0,0,0,0,0,0,0,0,0,0,0,0,0,0
2568-3,86010119,นักเรียนจบทั้งหมด,13,10,23,12,8,20,10,9,19,0,0,0,0,0,0,0,0,0
2568-3,86010119,เรียนจบภายในเวลา 1 ปี,0,0,0,0,0,0,0,0,0,0,0,0,0,0,0,0,0,0
2568-3,86010119,2 ปี,0,0,0,0,0,0,0,0,0,0,0,0,0,0,0,0,0,0
2568-3,86010119,มากกว่า 2 ปี,13,10,23,0,0,0,0,0,0,0,0,0,0,0,0,0,0,0
2568-3,86010119,เรียนจบภายในเวลา 3 ปี,0,0,0,12,8,20,10,9,19,0,0,0,0,0,0,0,0,0
2568-3,86010119,4 ปี,0,0,0,0,0,0,0,0,0,0,0,0,0,0,0,0,0,0
2568-3,86010119,5 ปี,0,0,0,0,0,0,0,0,0,0,0,0,0,0,0,0,0,0
2568-3,86010119,มากกว่า 5 ปี,0,0,0,0,0,0,0,0,0,0,0,0,0,0,0,0,0,0
2568-3,86010120,นักเรียนจบทั้งหมด,5,3,8,4,8,12,8,2,10,0,0,0,0,0,0,0,0,0
2568-3,86010120,เรียนจบภายในเวลา 1 ปี,0,0,0,0,0,0,0,0,0,0,0,0,0,0,0,0,0,0
2568-3,86010120,2 ปี,0,0,0,0,0,0,0,0,0,0,0,0,0,0,0,0,0,0
2568-3,86010120,มากกว่า 2 ปี,5,3,8,0,0,0,0,0,0,0,0,0,0,0,0,0,0,0
2568-3,86010120,เรียนจบภายในเวลา 3 ปี,0,0,0,4,8,12,8,2,10,0,0,0,0,0,0,0,0,0
2568-3,86010120,4 ปี,0,0,0,0,0,0,0,0,0,0,0,0,0,0,0,0,0,0
2568-3,86010120,5 ปี,0,0,0,0,0,0,0,0,0,0,0,0,0,0,0,0,0,0
2568-3,86010120,มากกว่า 5 ปี,0,0,0,0,0,0,0,0,0,0,0,0,0,0,0,0,0,0
2568-3,86010121,นักเรียนจบทั้งหมด,4,4,8,13,1,14,9,6,15,12,4,16,0,0,0,0,0,0
2568-3,86010121,เรียนจบภายในเวลา 1 ปี,0,0,0,0,0,0,0,0,0,0,0,0,0,0,0,0,0,0
2568-3,86010121,2 ปี,0,0,0,0,0,0,0,0,0,0,0,0,0,0,0,0,0,0
2568-3,86010121,มากกว่า 2 ปี,4,4,8,0,0,0,0,0,0,0,0,0,0,0,0,0,0,0
2568-3,86010121,เรียนจบภายในเวลา 3 ปี,0,0,0,13,1,14,9,6,15,12,4,16,0,0,0,0,0,0
2568-3,86010121,4 ปี,0,0,0,0,0,0,0,0,0,0,0,0,0,0,0,0,0,0
2568-3,86010121,5 ปี,0,0,0,0,0,0,0,0,0,0,0,0,0,0,0,0,0,0
2568-3,86010121,มากกว่า 5 ปี,0,0,0,0,0,0,0,0,0,0,0,0,0,0,0,0,0,0
2568-3,86010122,นักเรียนจบทั้งหมด,5,0,5,6,2,8,4,3,7,0,0,0,0,0,0,0,0,0
2568-3,86010122,เรียนจบภายในเวลา 1 ปี,0,0,0,0,0,0,0,0,0,0,0,0,0,0,0,0,0,0
2568-3,86010122,2 ปี,0,0,0,0,0,0,0,0,0,0,0,0,0,0,0,0,0,0
2568-3,86010122,มากกว่า 2 ปี,5,0,5,0,0,0,0,0,0,0,0,0,0,0,0,0,0,0
2568-3,86010122,เรียนจบภายในเวลา 3 ปี,0,0,0,6,2,8,4,3,7,0,0,0,0,0,0,0,0,0
2568-3,86010122,4 ปี,0,0,0,0,0,0,0,0,0,0,0,0,0,0,0,0,0,0
2568-3,86010122,5 ปี,0,0,0,0,0,0,0,0,0,0,0,0,0,0,0,0,0,0
2568-3,86010122,มากกว่า 5 ปี,0,0,0,0,0,0,0,0,0,0,0,0,0,0,0,0,0,0
2568-3,86010124,นักเรียนจบทั้งหมด,3,0,3,6,6,12,6,3,9,0,0,0,0,0,0,0,0,0
2568-3,86010124,เรียนจบภายในเวลา 1 ปี,0,0,0,0,0,0,0,0,0,0,0,0,0,0,0,0,0,0
2568-3,86010124,2 ปี,0,0,0,0,0,0,0,0,0,0,0,0,0,0,0,0,0,0
2568-3,86010124,มากกว่า 2 ปี,3,0,3,0,0,0,0,0,0,0,0,0,0,0,0,0,0,0
2568-3,86010124,เรียนจบภายในเวลา 3 ปี,0,0,0,6,6,12,6,3,9,0,0,0,0,0,0,0,0,0
2568-3,86010124,4 ปี,0,0,0,0,0,0,0,0,0,0,0,0,0,0,0,0,0,0
2568-3,86010124,5 ปี,0,0,0,0,0,0,0,0,0,0,0,0,0,0,0,0,0,0
2568-3,86010124,มากกว่า 5 ปี,0,0,0,0,0,0,0,0,0,0,0,0,0,0,0,0,0,0
2568-3,86010126,นักเรียนจบทั้งหมด,1,2,3,0,2,2,1,2,3,0,0,0,0,0,0,0,0,0
2568-3,86010126,เรียนจบภายในเวลา 1 ปี,0,0,0,0,0,0,0,0,0,0,0,0,0,0,0,0,0,0
2568-3,86010126,2 ปี,1,2,3,0,0,0,0,0,0,0,0,0,0,0,0,0,0,0
2568-3,86010126,มากกว่า 2 ปี,0,0,0,0,0,0,0,0,0,0,0,0,0,0,0,0,0,0
2568-3,86010126,เรียนจบภายในเวลา 3 ปี,0,0,0,0,2,2,1,2,3,0,0,0,0,0,0,0,0,0
2568-3,86010126,4 ปี,0,0,0,0,0,0,0,0,0,0,0,0,0,0,0,0,0,0
2568-3,86010126,5 ปี,0,0,0,0,0,0,0,0,0,0,0,0,0,0,0,0,0,0
2568-3,86010126,มากกว่า 5 ปี,0,0,0,0,0,0,0,0,0,0,0,0,0,0,0,0,0,0
2568-3,86010127,นักเรียนจบทั้งหมด,13,13,26,5,6,11,1,7,8,0,0,0,0,0,0,0,0,0
2568-3,86010127,เรียนจบภายในเวลา 1 ปี,0,0,0,0,0,0,0,0,0,0,0,0,0,0,0,0,0,0
2568-3,86010127,2 ปี,0,0,0,0,0,0,0,0,0,0,0,0,0,0,0,0,0,0
2568-3,86010127,มากกว่า 2 ปี,13,13,26,0,0,0,0,0,0,0,0,0,0,0,0,0,0,0
2568-3,86010127,เรียนจบภายในเวลา 3 ปี,0,0,0,5,6,11,1,7,8,0,0,0,0,0,0,0,0,0
2568-3,86010127,4 ปี,0,0,0,0,0,0,0,0,0,0,0,0,0,0,0,0,0,0
2568-3,86010127,5 ปี,0,0,0,0,0,0,0,0,0,0,0,0,0,0,0,0,0,0
2568-3,86010127,มากกว่า 5 ปี,0,0,0,0,0,0,0,0,0,0,0,0,0,0,0,0,0,0
2568-3,86010128,นักเรียนจบทั้งหมด,60,65,125,61,64,125,81,74,155,0,0,0,0,0,0,0,0,0
2568-3,86010128,เรียนจบภายในเวลา 1 ปี,0,0,0,0,0,0,0,0,0,0,0,0,0,0,0,0,0,0
2568-3,86010128,2 ปี,0,0,0,0,0,0,0,0,0,0,0,0,0,0,0,0,0,0
2568-3,86010128,มากกว่า 2 ปี,60,65,125,0,0,0,0,0,0,0,0,0,0,0,0,0,0,0
2568-3,86010128,เรียนจบภายในเวลา 3 ปี,0,0,0,61,64,125,81,74,155,0,0,0,0,0,0,0,0,0
2568-3,86010128,4 ปี,0,0,0,0,0,0,0,0,0,0,0,0,0,0,0,0,0,0
2568-3,86010128,5 ปี,0,0,0,0,0,0,0,0,0,0,0,0,0,0,0,0,0,0
2568-3,86010128,มากกว่า 5 ปี,0,0,0,0,0,0,0,0,0,0,0,0,0,0,0,0,0,0
2568-3,86010129,นักเรียนจบทั้งหมด,5,4,9,5,2,7,5,3,8,0,0,0,0,0,0,0,0,0
2568-3,86010129,เรียนจบภายในเวลา 1 ปี,0,0,0,0,0,0,0,0,0,0,0,0,0,0,0,0,0,0
2568-3,86010129,2 ปี,0,0,0,0,0,0,0,0,0,0,0,0,0,0,0,0,0,0
2568-3,86010129,มากกว่า 2 ปี,5,4,9,0,0,0,0,0,0,0,0,0,0,0,0,0,0,0
2568-3,86010129,เรียนจบภายในเวลา 3 ปี,0,0,0,5,2,7,5,3,8,0,0,0,0,0,0,0,0,0
2568-3,86010129,4 ปี,0,0,0,0,0,0,0,0,0,0,0,0,0,0,0,0,0,0
2568-3,86010129,5 ปี,0,0,0,0,0,0,0,0,0,0,0,0,0,0,0,0,0,0
2568-3,86010129,มากกว่า 5 ปี,0,0,0,0,0,0,0,0,0,0,0,0,0,0,0,0,0,0
2568-3,86010130,นักเรียนจบทั้งหมด,8,9,17,19,14,33,10,12,22,0,0,0,0,0,0,0,0,0
2568-3,86010130,เรียนจบภายในเวลา 1 ปี,0,0,0,0,0,0,0,0,0,0,0,0,0,0,0,0,0,0
2568-3,86010130,2 ปี,0,0,0,0,0,0,0,0,0,0,0,0,0,0,0,0,0,0
2568-3,86010130,มากกว่า 2 ปี,8,9,17,0,0,0,0,0,0,0,0,0,0,0,0,0,0,0
2568-3,86010130,เรียนจบภายในเวลา 3 ปี,0,0,0,18,14,32,10,12,22,0,0,0,0,0,0,0,0,0
2568-3,86010130,4 ปี,0,0,0,1,0,1,0,0,0,0,0,0,0,0,0,0,0,0
2568-3,86010130,5 ปี,0,0,0,0,0,0,0,0,0,0,0,0,0,0,0,0,0,0
2568-3,86010130,มากกว่า 5 ปี,0,0,0,0,0,0,0,0,0,0,0,0,0,0,0,0,0,0
2568-3,86010131,นักเรียนจบทั้งหมด,17,13,30,13,18,31,17,8,25,10,8,18,0,0,0,0,0,0
2568-3,86010131,เรียนจบภายในเวลา 1 ปี,0,0,0,0,0,0,0,0,0,0,0,0,0,0,0,0,0,0
2568-3,86010131,2 ปี,0,0,0,0,0,0,0,0,0,0,0,0,0,0,0,0,0,0
2568-3,86010131,มากกว่า 2 ปี,17,13,30,0,0,0,0,0,0,0,0,0,0,0,0,0,0,0
2568-3,86010131,เรียนจบภายในเวลา 3 ปี,0,0,0,13,18,31,17,8,25,10,8,18,0,0,0,0,0,0
2568-3,86010131,4 ปี,0,0,0,0,0,0,0,0,0,0,0,0,0,0,0,0,0,0
2568-3,86010131,5 ปี,0,0,0,0,0,0,0,0,0,0,0,0,0,0,0,0,0,0
2568-3,86010131,มากกว่า 5 ปี,0,0,0,0,0,0,0,0,0,0,0,0,0,0,0,0,0,0
2568-3,86010132,นักเรียนจบทั้งหมด,0,3,3,2,1,3,2,6,8,0,0,0,0,0,0,0,0,0
2568-3,86010132,เรียนจบภายในเวลา 1 ปี,0,0,0,0,0,0,0,0,0,0,0,0,0,0,0,0,0,0
2568-3,86010132,2 ปี,0,0,0,0,0,0,0,0,0,0,0,0,0,0,0,0,0,0
2568-3,86010132,มากกว่า 2 ปี,0,3,3,0,0,0,0,0,0,0,0,0,0,0,0,0,0,0
2568-3,86010132,เรียนจบภายในเวลา 3 ปี,0,0,0,2,1,3,2,6,8,0,0,0,0,0,0,0,0,0
2568-3,86010132,4 ปี,0,0,0,0,0,0,0,0,0,0,0,0,0,0,0,0,0,0
2568-3,86010132,5 ปี,0,0,0,0,0,0,0,0,0,0,0,0,0,0,0,0,0,0
2568-3,86010132,มากกว่า 5 ปี,0,0,0,0,0,0,0,0,0,0,0,0,0,0,0,0,0,0
2568-3,86010133,นักเรียนจบทั้งหมด,25,15,40,27,22,49,35,37,72,0,0,0,0,0,0,0,0,0
2568-3,86010133,เรียนจบภายในเวลา 1 ปี,0,0,0,0,0,0,0,0,0,0,0,0,0,0,0,0,0,0
2568-3,86010133,2 ปี,0,0,0,0,0,0,0,0,0,0,0,0,0,0,0,0,0,0
2568-3,86010133,มากกว่า 2 ปี,25,15,40,0,0,0,0,0,0,0,0,0,0,0,0,0,0,0
2568-3,86010133,เรียนจบภายในเวลา 3 ปี,0,0,0,27,22,49,35,37,72,0,0,0,0,0,0,0,0,0
2568-3,86010133,4 ปี,0,0,0,0,0,0,0,0,0,0,0,0,0,0,0,0,0,0
2568-3,86010133,5 ปี,0,0,0,0,0,0,0,0,0,0,0,0,0,0,0,0,0,0
2568-3,86010133,มากกว่า 5 ปี,0,0,0,0,0,0,0,0,0,0,0,0,0,0,0,0,0,0
2568-3,86010134,นักเรียนจบทั้งหมด,5,7,12,17,13,30,4,9,13,0,0,0,0,0,0,0,0,0
2568-3,86010134,เรียนจบภายในเวลา 1 ปี,0,0,0,0,0,0,0,0,0,0,0,0,0,0,0,0,0,0
2568-3,86010134,2 ปี,0,0,0,0,0,0,0,0,0,0,0,0,0,0,0,0,0,0
2568-3,86010134,มากกว่า 2 ปี,5,7,12,0,0,0,0,0,0,0,0,0,0,0,0,0,0,0
2568-3,86010134,เรียนจบภายในเวลา 3 ปี,0,0,0,17,13,30,4,9,13,0,0,0,0,0,0,0,0,0
2568-3,86010134,4 ปี,0,0,0,0,0,0,0,0,0,0,0,0,0,0,0,0,0,0
2568-3,86010134,5 ปี,0,0,0,0,0,0,0,0,0,0,0,0,0,0,0,0,0,0
2568-3,86010134,มากกว่า 5 ปี,0,0,0,0,0,0,0,0,0,0,0,0,0,0,0,0,0,0
2568-3,86010136,นักเรียนจบทั้งหมด,3,1,4,2,1,3,0,1,1,0,0,0,0,0,0,0,0,0
2568-3,86010136,เรียนจบภายในเวลา 1 ปี,0,0,0,0,0,0,0,0,0,0,0,0,0,0,0,0,0,0
2568-3,86010136,2 ปี,0,0,0,0,0,0,0,0,0,0,0,0,0,0,0,0,0,0
2568-3,86010136,มากกว่า 2 ปี,3,1,4,0,0,0,0,0,0,0,0,0,0,0,0,0,0,0
2568-3,86010136,เรียนจบภายในเวลา 3 ปี,0,0,0,2,1,3,0,1,1,0,0,0,0,0,0,0,0,0
2568-3,86010136,4 ปี,0,0,0,0,0,0,0,0,0,0,0,0,0,0,0,0,0,0
2568-3,86010136,5 ปี,0,0,0,0,0,0,0,0,0,0,0,0,0,0,0,0,0,0
2568-3,86010136,มากกว่า 5 ปี,0,0,0,0,0,0,0,0,0,0,0,0,0,0,0,0,0,0
2568-3,86010137,นักเรียนจบทั้งหมด,9,7,16,4,5,9,4,4,8,0,0,0,0,0,0,0,0,0
2568-3,86010137,เรียนจบภายในเวลา 1 ปี,0,0,0,0,0,0,0,0,0,0,0,0,0,0,0,0,0,0
2568-3,86010137,2 ปี,0,0,0,0,0,0,0,0,0,0,0,0,0,0,0,0,0,0
2568-3,86010137,มากกว่า 2 ปี,9,7,16,0,0,0,0,0,0,0,0,0,0,0,0,0,0,0
2568-3,86010137,เรียนจบภายในเวลา 3 ปี,0,0,0,4,5,9,4,4,8,0,0,0,0,0,0,0,0,0
2568-3,86010137,4 ปี,0,0,0,0,0,0,0,0,0,0,0,0,0,0,0,0,0,0
2568-3,86010137,5 ปี,0,0,0,0,0,0,0,0,0,0,0,0,0,0,0,0,0,0
2568-3,86010137,มากกว่า 5 ปี,0,0,0,0,0,0,0,0,0,0,0,0,0,0,0,0,0,0
2568-3,86010139,นักเรียนจบทั้งหมด,10,4,14,5,11,16,9,10,19,0,0,0,0,0,0,0,0,0
2568-3,86010139,เรียนจบภายในเวลา 1 ปี,0,0,0,0,0,0,0,0,0,0,0,0,0,0,0,0,0,0
2568-3,86010139,2 ปี,0,0,0,0,0,0,0,0,0,0,0,0,0,0,0,0,0,0
2568-3,86010139,มากกว่า 2 ปี,10,4,14,0,0,0,0,0,0,0,0,0,0,0,0,0,0,0
2568-3,86010139,เรียนจบภายในเวลา 3 ปี,0,0,0,5,11,16,9,10,19,0,0,0,0,0,0,0,0,0
2568-3,86010139,4 ปี,0,0,0,0,0,0,0,0,0,0,0,0,0,0,0,0,0,0
2568-3,86010139,5 ปี,0,0,0,0,0,0,0,0,0,0,0,0,0,0,0,0,0,0
2568-3,86010139,มากกว่า 5 ปี,0,0,0,0,0,0,0,0,0,0,0,0,0,0,0,0,0,0
2568-3,86010140,นักเรียนจบทั้งหมด,3,7,10,9,4,13,6,4,10,12,5,17,0,0,0,0,0,0
2568-3,86010140,เรียนจบภายในเวลา 1 ปี,0,0,0,0,0,0,0,0,0,0,0,0,0,0,0,0,0,0
2568-3,86010140,2 ปี,0,0,0,0,0,0,0,0,0,0,0,0,0,0,0,0,0,0
2568-3,86010140,มากกว่า 2 ปี,3,7,10,0,0,0,0,0,0,0,0,0,0,0,0,0,0,0
2568-3,86010140,เรียนจบภายในเวลา 3 ปี,0,0,0,9,4,13,6,4,10,12,5,17,0,0,0,0,0,0
2568-3,86010140,4 ปี,0,0,0,0,0,0,0,0,0,0,0,0,0,0,0,0,0,0
2568-3,86010140,5 ปี,0,0,0,0,0,0,0,0,0,0,0,0,0,0,0,0,0,0
2568-3,86010140,มากกว่า 5 ปี,0,0,0,0,0,0,0,0,0,0,0,0,0,0,0,0,0,0
2568-3,86010142,นักเรียนจบทั้งหมด,4,9,13,15,12,27,15,15,30,20,18,38,0,0,0,0,0,0
2568-3,86010142,เรียนจบภายในเวลา 1 ปี,0,0,0,0,0,0,0,0,0,0,0,0,0,0,0,0,0,0
2568-3,86010142,2 ปี,0,0,0,0,0,0,0,0,0,0,0,0,0,0,0,0,0,0
2568-3,86010142,มากกว่า 2 ปี,4,9,13,0,0,0,0,0,0,0,0,0,0,0,0,0,0,0
2568-3,86010142,เรียนจบภายในเวลา 3 ปี,0,0,0,15,12,27,15,15,30,20,18,38,0,0,0,0,0,0
2568-3,86010142,4 ปี,0,0,0,0,0,0,0,0,0,0,0,0,0,0,0,0,0,0
2568-3,86010142,5 ปี,0,0,0,0,0,0,0,0,0,0,0,0,0,0,0,0,0,0
2568-3,86010142,มากกว่า 5 ปี,0,0,0,0,0,0,0,0,0,0,0,0,0,0,0,0,0,0
2568-3,86010143,นักเรียนจบทั้งหมด,6,9,15,5,7,12,9,6,15,0,0,0,0,0,0,0,0,0
2568-3,86010143,เรียนจบภายในเวลา 1 ปี,0,0,0,0,0,0,0,0,0,0,0,0,0,0,0,0,0,0
2568-3,86010143,2 ปี,6,9,15,0,0,0,0,0,0,0,0,0,0,0,0,0,0,0
2568-3,86010143,มากกว่า 2 ปี,0,0,0,0,0,0,0,0,0,0,0,0,0,0,0,0,0,0
2568-3,86010143,เรียนจบภายในเวลา 3 ปี,0,0,0,5,7,12,9,6,15,0,0,0,0,0,0,0,0,0
2568-3,86010143,4 ปี,0,0,0,0,0,0,0,0,0,0,0,0,0,0,0,0,0,0
2568-3,86010143,5 ปี,0,0,0,0,0,0,0,0,0,0,0,0,0,0,0,0,0,0
2568-3,86010143,มากกว่า 5 ปี,0,0,0,0,0,0,0,0,0,0,0,0,0,0,0,0,0,0
2568-3,86010145,นักเรียนจบทั้งหมด,2,7,9,12,4,16,11,11,22,12,3,15,0,0,0,0,0,0
2568-3,86010145,เรียนจบภายในเวลา 1 ปี,0,0,0,0,0,0,0,0,0,0,0,0,0,0,0,0,0,0
2568-3,86010145,2 ปี,0,0,0,0,0,0,0,0,0,0,0,0,0,0,0,0,0,0
2568-3,86010145,มากกว่า 2 ปี,2,7,9,0,0,0,0,0,0,0,0,0,0,0,0,0,0,0
2568-3,86010145,เรียนจบภายในเวลา 3 ปี,0,0,0,12,4,16,11,11,22,12,3,15,0,0,0,0,0,0
2568-3,86010145,4 ปี,0,0,0,0,0,0,0,0,0,0,0,0,0,0,0,0,0,0
2568-3,86010145,5 ปี,0,0,0,0,0,0,0,0,0,0,0,0,0,0,0,0,0,0
2568-3,86010145,มากกว่า 5 ปี,0,0,0,0,0,0,0,0,0,0,0,0,0,0,0,0,0,0
2568-3,86010000,นักเรียนจบทั้งหมด,1017,1047,2064,1301,1184,2485,1298,1250,2548,592,491,1083,35,64,99,0,0,0
2568-3,86010000,เรียนจบภายในเวลา 1 ปี,4,2,6,0,0,0,0,0,0,0,0,0,0,0,0,0,0,0
2568-3,86010000,2 ปี,161,152,313,0,0,0,0,0,0,0,0,0,0,0,0,0,0,0
2568-3,86010000,มากกว่า 2 ปี,852,893,1745,0,0,0,0,0,0,0,0,0,0,0,0,0,0,0
2568-3,86010000,เรียนจบภายในเวลา 3 ปี,0,0,0,1279,1152,2431,1284,1241,2525,587,489,1076,35,64,99,0,0,0
2568-3,86010000,4 ปี,0,0,0,9,7,16,4,1,5,0,0,0,0,0,0,0,0,0
2568-3,86010000,5 ปี,0,0,0,8,9,17,10,8,18,1,0,1,0,0,0,0,0,0
2568-3,86010000,มากกว่า 5 ปี,0,0,0,5,16,21,0,0,0,4,2,6,0,0,0,0,0,0
