2563-2,86010001,0,0,0,0,3,4,7,1,5,2,7,1,8,6,14,2,3,9,12,1,6,8,14,1,5,3,8,1,9,4,13,1,5,5,10,1,8,4,12,1,36,33,69,6,0,0,0,0,0,0,0,0,0,0,0,0,0,0,0,0,0,0,0,0,0,0,0,0,0,0,0,0,0,0,0,,0,0,0,,0,0,0,,0,0,0,0,44,39,83,"8
"
2563-2,86010002,0,0,0,0,5,12,17,1,7,7,14,1,12,19,31,2,13,4,17,1,11,6,17,1,12,6,18,1,10,6,16,1,8,5,13,1,8,10,18,1,62,37,99,6,9,6,15,1,16,6,22,1,7,13,20,1,32,25,57,3,0,0,0,0,0,0,0,0,0,0,0,0,0,0,0,,0,0,0,,0,0,0,,0,0,0,0,106,81,187,"11
"
2563-2,86010004,0,0,0,0,2,4,6,1,2,5,7,1,4,9,13,2,4,11,15,1,5,2,7,1,5,2,7,1,6,4,10,1,2,5,7,1,5,3,8,1,27,27,54,6,0,0,0,0,0,0,0,0,0,0,0,0,0,0,0,0,0,0,0,0,0,0,0,0,0,0,0,0,0,0,0,,0,0,0,,0,0,0,,0,0,0,0,31,36,67,"8
"
2563-2,86010006,0,0,0,0,3,8,11,1,7,7,14,1,10,15,25,2,10,3,13,1,7,4,11,1,4,9,13,1,11,6,17,1,11,5,16,1,5,3,8,1,48,30,78,6,10,8,18,1,4,4,8,1,4,5,9,1,18,17,35,3,0,0,0,0,0,0,0,0,0,0,0,0,0,0,0,,0,0,0,,0,0,0,,0,0,0,0,76,62,138,"11
"
2563-2,86010008,0,0,0,0,98,101,199,7,91,109,200,7,189,210,399,14,144,172,316,9,135,145,280,7,147,132,279,7,124,151,275,7,122,146,268,7,145,147,292,7,817,893,1710,44,0,0,0,0,0,0,0,0,0,0,0,0,0,0,0,0,0,0,0,0,0,0,0,0,0,0,0,0,0,0,0,,0,0,0,,0,0,0,,0,0,0,0,1006,1103,2109,"58
"
2563-2,86010009,0,0,0,0,12,11,23,1,9,11,20,1,21,22,43,2,6,8,14,1,15,7,22,1,8,17,25,1,12,6,18,1,9,7,16,1,10,5,15,1,60,50,110,6,13,4,17,1,15,8,23,1,8,9,17,1,36,21,57,3,0,0,0,0,0,0,0,0,0,0,0,0,0,0,0,,0,0,0,,0,0,0,,0,0,0,0,117,93,210,"11
"
2563-2,86010010,0,0,0,0,19,21,40,2,29,39,68,2,48,60,108,4,25,25,50,2,22,23,45,2,32,25,57,2,36,21,57,2,33,25,58,2,22,26,48,2,170,145,315,12,52,29,81,3,56,46,102,3,50,40,90,3,158,115,273,9,0,0,0,0,0,0,0,0,0,0,0,0,0,0,0,,0,0,0,,0,0,0,,0,0,0,0,376,320,696,"25
"
2563-2,86010011,0,0,0,0,9,2,11,1,5,6,11,1,14,8,22,2,9,3,12,1,7,4,11,1,5,2,7,1,6,1,7,1,4,3,7,1,4,2,6,1,35,15,50,6,0,0,0,0,0,0,0,0,0,0,0,0,0,0,0,0,0,0,0,0,0,0,0,0,0,0,0,0,0,0,0,,0,0,0,,0,0,0,,0,0,0,0,49,23,72,"8
"
2563-2,86010013,0,0,0,0,10,10,20,1,12,2,14,1,22,12,34,2,13,6,19,1,11,14,25,1,6,9,15,1,9,6,15,1,10,7,17,1,11,6,17,1,60,48,108,6,0,0,0,0,0,0,0,0,0,0,0,0,0,0,0,0,0,0,0,0,0,0,0,0,0,0,0,0,0,0,0,,0,0,0,,0,0,0,,0,0,0,0,82,60,142,"8
"
2563-2,86010014,0,0,0,0,6,3,9,1,3,3,6,1,9,6,15,2,6,10,16,1,5,1,6,1,7,6,13,1,2,6,8,1,7,3,10,1,0,8,8,1,27,34,61,6,0,0,0,0,0,0,0,0,0,0,0,0,0,0,0,0,0,0,0,0,0,0,0,0,0,0,0,0,0,0,0,,0,0,0,,0,0,0,,0,0,0,0,36,40,76,"8
"
2563-2,86010015,5,5,10,1,4,4,8,1,5,3,8,1,14,12,26,3,3,3,6,1,4,5,9,1,7,7,14,1,4,9,13,1,7,6,13,1,4,2,6,1,29,32,61,6,0,0,0,0,0,0,0,0,0,0,0,0,0,0,0,0,0,0,0,0,0,0,0,0,0,0,0,0,0,0,0,,0,0,0,,0,0,0,,0,0,0,0,43,44,87,"9
"
2563-2,86010016,0,0,0,0,5,6,11,1,7,7,14,1,12,13,25,2,10,4,14,1,9,9,18,1,8,4,12,1,11,6,17,1,8,9,17,1,5,8,13,1,51,40,91,6,0,0,0,0,0,0,0,0,0,0,0,0,0,0,0,0,0,0,0,0,0,0,0,0,0,0,0,0,0,0,0,,0,0,0,,0,0,0,,0,0,0,0,63,53,116,"8
"
2563-2,86010017,3,6,9,1,5,6,11,1,5,5,10,1,13,17,30,3,3,7,10,1,10,2,12,1,7,8,15,1,7,3,10,1,7,5,12,1,7,8,15,1,41,33,74,6,8,2,10,1,8,5,13,1,13,9,22,1,29,16,45,3,0,0,0,0,0,0,0,0,0,0,0,0,0,0,0,,0,0,0,,0,0,0,,0,0,0,0,83,66,149,"12
"
2563-2,86010019,10,7,17,1,1,10,11,1,6,3,9,1,17,20,37,3,6,6,12,1,13,6,19,1,8,5,13,1,5,7,12,1,3,10,13,1,3,7,10,1,38,41,79,6,0,0,0,0,0,0,0,0,0,0,0,0,0,0,0,0,0,0,0,0,0,0,0,0,0,0,0,0,0,0,0,,0,0,0,,0,0,0,,0,0,0,0,55,61,116,"9
"
2563-2,86010020,2,2,4,1,3,5,8,1,5,5,10,1,10,12,22,3,5,2,7,1,5,3,8,1,5,2,7,1,5,8,13,1,6,3,9,1,5,2,7,1,31,20,51,6,0,0,0,0,0,0,0,0,0,0,0,0,0,0,0,0,0,0,0,0,0,0,0,0,0,0,0,0,0,0,0,,0,0,0,,0,0,0,,0,0,0,0,41,32,73,"9
"
2563-2,86010021,0,0,0,0,38,49,87,4,82,59,141,4,120,108,228,8,83,64,147,6,96,78,174,6,95,115,210,6,110,86,196,6,88,92,180,5,99,103,202,5,571,538,1109,34,63,61,124,4,67,54,121,4,47,44,91,3,177,159,336,11,24,49,73,2,18,28,46,2,16,16,32,2,0,0,0,,0,0,0,,0,0,0,,58,93,151,6,926,898,1824,"59
"
2563-2,86010023,1,4,5,1,2,7,9,1,6,8,14,1,9,19,28,3,14,10,24,1,7,6,13,1,9,8,17,1,11,4,15,1,7,7,14,1,9,2,11,1,57,37,94,6,0,0,0,0,0,0,0,0,0,0,0,0,0,0,0,0,0,0,0,0,0,0,0,0,0,0,0,0,0,0,0,,0,0,0,,0,0,0,,0,0,0,0,66,56,122,"9
"
2563-2,86010024,3,6,9,1,4,2,6,1,11,6,17,1,18,14,32,3,5,11,16,1,11,5,16,1,7,4,11,1,5,2,7,1,6,2,8,1,6,3,9,1,40,27,67,6,0,0,0,0,0,0,0,0,0,0,0,0,0,0,0,0,0,0,0,0,0,0,0,0,0,0,0,0,0,0,0,,0,0,0,,0,0,0,,0,0,0,0,58,41,99,"9
"
2563-2,86010025,8,5,13,1,6,6,12,1,6,8,14,1,20,19,39,3,14,8,22,1,6,6,12,1,7,7,14,1,8,7,15,1,11,10,21,1,10,12,22,1,56,50,106,6,14,13,27,1,11,11,22,1,15,11,26,1,40,35,75,3,0,0,0,0,0,0,0,0,0,0,0,0,0,0,0,,0,0,0,,0,0,0,,0,0,0,0,116,104,220,"12
"
2563-2,86010027,0,0,0,0,7,7,14,1,8,9,17,1,15,16,31,2,20,8,28,1,9,10,19,1,18,12,30,1,6,14,20,1,6,2,8,1,12,10,22,1,71,56,127,6,0,0,0,0,0,0,0,0,0,0,0,0,0,0,0,0,0,0,0,0,0,0,0,0,0,0,0,0,0,0,0,,0,0,0,,0,0,0,,0,0,0,0,86,72,158,"8
"
2563-2,86010029,0,0,0,0,3,3,6,1,2,6,8,1,5,9,14,2,1,3,4,1,2,5,7,1,4,6,10,1,3,4,7,1,6,2,8,1,4,4,8,1,20,24,44,6,0,0,0,0,0,0,0,0,0,0,0,0,0,0,0,0,0,0,0,0,0,0,0,0,0,0,0,0,0,0,0,,0,0,0,,0,0,0,,0,0,0,0,25,33,58,"8
"
2563-2,86010030,0,0,0,0,3,1,4,1,2,2,4,1,5,3,8,2,4,5,9,1,6,2,8,1,5,0,5,1,3,2,5,1,3,4,7,1,6,2,8,1,27,15,42,6,0,0,0,0,0,0,0,0,0,0,0,0,0,0,0,0,0,0,0,0,0,0,0,0,0,0,0,0,0,0,0,,0,0,0,,0,0,0,,0,0,0,0,32,18,50,"8
"
2563-2,86010032,0,0,0,0,3,1,4,1,3,2,5,1,6,3,9,2,1,0,1,1,3,2,5,1,4,1,5,1,6,2,8,1,3,4,7,1,4,5,9,1,21,14,35,6,0,0,0,0,0,0,0,0,0,0,0,0,0,0,0,0,0,0,0,0,0,0,0,0,0,0,0,0,0,0,0,,0,0,0,,0,0,0,,0,0,0,0,27,17,44,"8
"
2563-2,86010036,3,0,3,1,3,2,5,1,6,2,8,1,12,4,16,3,2,6,8,1,2,4,6,1,4,6,10,1,7,1,8,1,6,7,13,1,4,7,11,1,25,31,56,6,0,0,0,0,0,0,0,0,0,0,0,0,0,0,0,0,0,0,0,0,0,0,0,0,0,0,0,0,0,0,0,,0,0,0,,0,0,0,,0,0,0,0,37,35,72,"9
"
2563-2,86010037,0,0,0,0,6,5,11,1,7,7,14,1,13,12,25,2,7,8,15,1,7,9,16,1,9,5,14,1,9,9,18,1,4,5,9,1,6,9,15,1,42,45,87,6,23,11,34,1,14,12,26,1,14,14,28,1,51,37,88,3,0,0,0,0,0,0,0,0,0,0,0,0,0,0,0,,0,0,0,,0,0,0,,0,0,0,0,106,94,200,"11
"
2563-2,86010039,0,0,0,0,8,4,12,1,2,4,6,1,10,8,18,2,7,5,12,1,3,7,10,1,7,7,14,1,7,2,9,1,6,5,11,1,0,6,6,1,30,32,62,6,0,0,0,0,0,0,0,0,0,0,0,0,0,0,0,0,0,0,0,0,0,0,0,0,0,0,0,0,0,0,0,,0,0,0,,0,0,0,,0,0,0,0,40,40,80,"8
"
2563-2,86010040,0,0,0,0,6,8,14,1,7,3,10,1,13,11,24,2,10,4,14,1,6,13,19,1,10,9,19,1,3,7,10,1,9,13,22,1,13,12,25,1,51,58,109,6,14,11,25,1,11,17,28,1,10,11,21,1,35,39,74,3,0,0,0,0,0,0,0,0,0,0,0,0,0,0,0,,0,0,0,,0,0,0,,0,0,0,0,99,108,207,"11
"
2563-2,86010041,0,0,0,0,6,8,14,1,10,7,17,1,16,15,31,2,10,9,19,1,17,6,23,1,8,8,16,1,9,10,19,1,4,8,12,1,4,2,6,1,52,43,95,6,0,0,0,0,0,0,0,0,0,0,0,0,0,0,0,0,0,0,0,0,0,0,0,0,0,0,0,0,0,0,0,,0,0,0,,0,0,0,,0,0,0,0,68,58,126,"8
"
2563-2,86010042,0,0,0,0,9,8,17,1,11,9,20,1,20,17,37,2,10,5,15,1,16,7,23,1,13,10,23,1,14,7,21,1,9,4,13,1,10,6,16,1,72,39,111,6,10,5,15,1,10,7,17,1,6,6,12,1,26,18,44,3,0,0,0,0,0,0,0,0,0,0,0,0,0,0,0,,0,0,0,,0,0,0,,0,0,0,0,118,74,192,"11
"
2563-2,86010043,7,4,11,1,7,8,15,1,10,4,14,1,24,16,40,3,4,10,14,1,6,8,14,1,6,12,18,1,10,3,13,1,5,5,10,1,4,5,9,1,35,43,78,6,6,6,12,1,4,4,8,1,7,9,16,1,17,19,36,3,0,0,0,0,0,0,0,0,0,0,0,0,0,0,0,,0,0,0,,0,0,0,,0,0,0,0,76,78,154,"12
"
2563-2,86010044,0,0,0,0,30,26,56,2,32,22,54,2,62,48,110,4,38,40,78,2,43,26,69,2,36,24,60,2,29,24,53,2,28,26,54,2,32,35,67,2,206,175,381,12,0,0,0,0,0,0,0,0,0,0,0,0,0,0,0,0,0,0,0,0,0,0,0,0,0,0,0,0,0,0,0,,0,0,0,,0,0,0,,0,0,0,0,268,223,491,"16
"
2563-2,86010045,5,9,14,1,7,12,19,1,7,9,16,1,19,30,49,3,8,6,14,1,10,9,19,1,9,10,19,1,3,10,13,1,9,3,12,1,4,4,8,1,43,42,85,6,5,2,7,1,5,4,9,1,3,6,9,1,13,12,25,3,0,0,0,0,0,0,0,0,0,0,0,0,0,0,0,,0,0,0,,0,0,0,,0,0,0,0,75,84,159,"12
"
2563-2,86010046,0,0,0,0,7,2,9,1,6,4,10,1,13,6,19,2,7,1,8,1,6,2,8,1,9,4,13,1,5,2,7,1,2,5,7,1,0,7,7,1,29,21,50,6,0,0,0,0,0,0,0,0,0,0,0,0,0,0,0,0,0,0,0,0,0,0,0,0,0,0,0,0,0,0,0,,0,0,0,,0,0,0,,0,0,0,0,42,27,69,"8
"
2563-2,86010047,0,0,0,0,21,8,29,2,14,21,35,2,35,29,64,4,19,16,35,1,31,28,59,2,21,22,43,2,16,13,29,1,29,16,45,1,25,16,41,2,141,111,252,9,19,22,41,1,29,12,41,2,20,16,36,1,68,50,118,4,0,0,0,0,0,0,0,0,0,0,0,0,0,0,0,,0,0,0,,0,0,0,,0,0,0,0,244,190,434,"17
"
2563-2,86010048,0,0,0,0,11,7,18,1,7,7,14,1,18,14,32,2,11,12,23,1,12,13,25,1,8,7,15,1,7,6,13,1,10,15,25,1,8,6,14,1,56,59,115,6,9,6,15,1,8,7,15,1,8,13,21,1,25,26,51,3,0,0,0,0,0,0,0,0,0,0,0,0,0,0,0,,0,0,0,,0,0,0,,0,0,0,0,99,99,198,"11
"
2563-2,86010052,0,0,0,0,10,6,16,1,9,13,22,1,19,19,38,2,12,10,22,1,13,12,25,1,10,2,12,1,9,6,15,1,6,8,14,1,15,6,21,1,65,44,109,6,8,9,17,1,4,6,10,1,7,12,19,1,19,27,46,3,0,0,0,0,0,0,0,0,0,0,0,0,0,0,0,,0,0,0,,0,0,0,,0,0,0,0,103,90,193,"11
"
2563-2,86010053,0,0,0,0,13,16,29,2,8,14,22,1,21,30,51,3,10,20,30,1,17,16,33,1,18,11,29,1,15,8,23,1,16,18,34,1,17,13,30,1,93,86,179,6,16,7,23,1,13,10,23,1,11,15,26,1,40,32,72,3,0,0,0,0,0,0,0,0,0,0,0,0,0,0,0,,0,0,0,,0,0,0,,0,0,0,0,154,148,302,"12
"
2563-2,86010055,0,0,0,0,9,7,16,1,9,6,15,1,18,13,31,2,3,6,9,1,10,5,15,1,2,9,11,1,8,3,11,1,7,8,15,1,5,8,13,1,35,39,74,6,5,4,9,1,6,3,9,1,2,8,10,1,13,15,28,3,0,0,0,0,0,0,0,0,0,0,0,0,0,0,0,,0,0,0,,0,0,0,,0,0,0,0,66,67,133,"11
"
2563-2,86010056,0,0,0,0,16,10,26,1,16,4,20,1,32,14,46,2,15,9,24,1,24,10,34,1,8,15,23,1,11,7,18,1,9,14,23,1,17,13,30,1,84,68,152,6,10,15,25,1,11,12,23,1,12,4,16,1,33,31,64,3,0,0,0,0,0,0,0,0,0,0,0,0,0,0,0,,0,0,0,,0,0,0,,0,0,0,0,149,113,262,"11
"
2563-2,86010059,5,3,8,1,4,2,6,1,7,3,10,1,16,8,24,3,4,5,9,1,6,7,13,1,8,6,14,1,3,5,8,1,4,4,8,1,7,9,16,1,32,36,68,6,0,0,0,0,0,0,0,0,0,0,0,0,0,0,0,0,0,0,0,0,0,0,0,0,0,0,0,0,0,0,0,,0,0,0,,0,0,0,,0,0,0,0,48,44,92,"9
"
2563-2,86010060,0,0,0,0,5,6,11,1,7,2,9,1,12,8,20,2,6,6,12,1,7,10,17,1,7,7,14,1,5,7,12,1,5,5,10,1,8,8,16,1,38,43,81,6,12,8,20,1,9,8,17,1,9,5,14,1,30,21,51,3,0,0,0,0,0,0,0,0,0,0,0,0,0,0,0,,0,0,0,,0,0,0,,0,0,0,0,80,72,152,"11
"
2563-2,86010061,0,0,0,0,10,8,18,1,3,4,7,1,13,12,25,2,12,4,16,1,6,8,14,1,7,9,16,1,9,8,17,1,7,9,16,1,7,7,14,1,48,45,93,6,11,2,13,1,6,5,11,1,4,8,12,1,21,15,36,3,0,0,0,0,0,0,0,0,0,0,0,0,0,0,0,,0,0,0,,0,0,0,,0,0,0,0,82,72,154,"11
"
2563-2,86010062,0,0,0,0,18,7,25,1,18,17,35,1,36,24,60,2,24,15,39,1,18,11,29,1,14,13,27,1,12,11,23,1,16,13,29,1,13,8,21,1,97,71,168,6,16,2,18,1,15,14,29,1,15,14,29,1,46,30,76,3,0,0,0,0,0,0,0,0,0,0,0,0,0,0,0,,0,0,0,,0,0,0,,0,0,0,0,179,125,304,"11
"
2563-2,86010063,0,0,0,0,4,4,8,1,6,6,12,1,10,10,20,2,6,10,16,1,7,1,8,1,8,7,15,1,2,8,10,1,8,9,17,1,10,6,16,1,41,41,82,6,0,0,0,0,0,0,0,0,0,0,0,0,0,0,0,0,0,0,0,0,0,0,0,0,0,0,0,0,0,0,0,,0,0,0,,0,0,0,,0,0,0,0,51,51,102,"8
"
2563-2,86010064,0,0,0,0,6,7,13,1,3,5,8,1,9,12,21,2,4,7,11,1,3,3,6,1,11,5,16,1,4,6,10,1,6,8,14,1,8,7,15,1,36,36,72,6,8,7,15,1,5,6,11,1,6,6,12,1,19,19,38,3,0,0,0,0,0,0,0,0,0,0,0,0,0,0,0,,0,0,0,,0,0,0,,0,0,0,0,64,67,131,"11
"
2563-2,86010066,0,0,0,0,2,5,7,1,4,5,9,1,6,10,16,2,6,4,10,1,10,7,17,1,5,5,10,1,5,4,9,1,8,6,14,1,8,10,18,1,42,36,78,6,9,5,14,1,10,4,14,1,8,5,13,1,27,14,41,3,0,0,0,0,0,0,0,0,0,0,0,0,0,0,0,,0,0,0,,0,0,0,,0,0,0,0,75,60,135,"11
"
2563-2,86010068,0,0,0,0,5,3,8,1,3,3,6,1,8,6,14,2,3,5,8,1,2,5,7,1,7,5,12,1,6,2,8,1,4,6,10,1,3,0,3,1,25,23,48,6,0,0,0,0,0,0,0,0,0,0,0,0,0,0,0,0,0,0,0,0,0,0,0,0,0,0,0,0,0,0,0,,0,0,0,,0,0,0,,0,0,0,0,33,29,62,"8
"
2563-2,86010069,0,0,0,0,8,8,16,1,8,6,14,1,16,14,30,2,7,7,14,1,7,5,12,1,8,10,18,1,12,5,17,1,12,17,29,1,5,15,20,1,51,59,110,6,11,10,21,1,13,7,20,1,17,5,22,1,41,22,63,3,0,0,0,0,0,0,0,0,0,0,0,0,0,0,0,,0,0,0,,0,0,0,,0,0,0,0,108,95,203,"11
"
2563-2,86010070,9,12,21,1,13,8,21,1,17,14,31,1,39,34,73,3,15,10,25,1,10,14,24,1,13,15,28,1,12,14,26,1,9,14,23,1,15,10,25,1,74,77,151,6,0,0,0,0,0,0,0,0,0,0,0,0,0,0,0,0,0,0,0,0,0,0,0,0,0,0,0,0,0,0,0,,0,0,0,,0,0,0,,0,0,0,0,113,111,224,"9
"
2563-2,86010071,8,3,11,1,8,10,18,1,8,5,13,1,24,18,42,3,8,8,16,1,10,9,19,1,10,5,15,1,9,7,16,1,9,7,16,1,11,7,18,1,57,43,100,6,17,8,25,1,10,6,16,1,7,11,18,1,34,25,59,3,0,0,0,0,0,0,0,0,0,0,0,0,0,0,0,,0,0,0,,0,0,0,,0,0,0,0,115,86,201,"12
"
2563-2,86010072,0,0,0,0,1,4,5,1,7,8,15,1,8,12,20,2,8,5,13,1,6,2,8,1,5,5,10,1,8,9,17,1,5,8,13,1,4,6,10,1,36,35,71,6,0,0,0,0,0,0,0,0,0,0,0,0,0,0,0,0,0,0,0,0,0,0,0,0,0,0,0,0,0,0,0,,0,0,0,,0,0,0,,0,0,0,0,44,47,91,"8
"
2563-2,86010073,5,3,8,1,6,2,8,1,3,3,6,1,14,8,22,3,6,6,12,1,3,5,8,1,4,5,9,1,6,0,6,1,5,6,11,1,6,6,12,1,30,28,58,6,0,0,0,0,0,0,0,0,0,0,0,0,0,0,0,0,0,0,0,0,0,0,0,0,0,0,0,0,0,0,0,,0,0,0,,0,0,0,,0,0,0,0,44,36,80,"9
"
2563-2,86010075,4,0,4,1,3,2,5,1,2,1,3,1,9,3,12,3,11,4,15,1,0,3,3,1,2,3,5,1,2,1,3,1,2,2,4,1,4,0,4,1,21,13,34,6,0,0,0,0,0,0,0,0,0,0,0,0,0,0,0,0,0,0,0,0,0,0,0,0,0,0,0,0,0,0,0,,0,0,0,,0,0,0,,0,0,0,0,30,16,46,"9
"
2563-2,86010076,0,0,0,0,12,13,25,1,12,12,24,1,24,25,49,2,17,8,25,1,18,21,39,1,20,11,31,1,16,14,30,1,20,17,37,1,18,14,32,1,109,85,194,6,0,0,0,0,0,0,0,0,0,0,0,0,0,0,0,0,0,0,0,0,0,0,0,0,0,0,0,0,0,0,0,,0,0,0,,0,0,0,,0,0,0,0,133,110,243,"8
"
2563-2,86010077,1,2,3,1,3,2,5,1,2,5,7,1,6,9,15,3,2,1,3,1,4,4,8,1,2,4,6,1,5,2,7,1,0,3,3,1,2,3,5,1,15,17,32,6,0,0,0,0,0,0,0,0,0,0,0,0,0,0,0,0,0,0,0,0,0,0,0,0,0,0,0,0,0,0,0,,0,0,0,,0,0,0,,0,0,0,0,21,26,47,"9
"
2563-2,86010078,0,0,0,0,7,14,21,1,10,5,15,1,17,19,36,2,9,7,16,1,13,8,21,1,7,13,20,1,7,14,21,1,7,6,13,1,11,8,19,1,54,56,110,6,0,0,0,0,0,0,0,0,0,0,0,0,0,0,0,0,0,0,0,0,0,0,0,0,0,0,0,0,0,0,0,,0,0,0,,0,0,0,,0,0,0,0,71,75,146,"8
"
2563-2,86010079,0,0,0,0,21,23,44,2,30,29,59,2,51,52,103,4,26,24,50,2,42,41,83,3,33,38,71,2,36,37,73,2,37,41,78,2,33,31,64,2,207,212,419,13,0,0,0,0,0,0,0,0,0,0,0,0,0,0,0,0,0,0,0,0,0,0,0,0,0,0,0,0,0,0,0,,0,0,0,,0,0,0,,0,0,0,0,258,264,522,"17
"
2563-2,86010080,0,0,0,0,8,5,13,1,13,14,27,1,21,19,40,2,21,19,40,2,18,14,32,1,28,22,50,2,10,17,27,1,15,16,31,1,24,14,38,1,116,102,218,8,19,18,37,1,26,20,46,2,19,14,33,1,64,52,116,4,0,0,0,0,0,0,0,0,0,0,0,0,0,0,0,,0,0,0,,0,0,0,,0,0,0,0,201,173,374,"14
"
2563-2,86010083,0,0,0,0,23,30,53,2,32,36,68,2,55,66,121,4,44,45,89,3,44,38,82,3,44,32,76,3,46,34,80,3,43,53,96,3,51,46,97,3,272,248,520,18,46,43,89,3,60,45,105,3,37,37,74,3,143,125,268,9,0,0,0,0,0,0,0,0,0,0,0,0,0,0,0,,0,0,0,,0,0,0,,0,0,0,0,470,439,909,"31
"
2563-2,86010089,2,2,4,1,2,4,6,1,3,3,6,1,7,9,16,3,6,4,10,1,7,3,10,1,2,0,2,1,5,3,8,1,7,5,12,1,7,2,9,1,34,17,51,6,0,0,0,0,0,0,0,0,0,0,0,0,0,0,0,0,0,0,0,0,0,0,0,0,0,0,0,0,0,0,0,,0,0,0,,0,0,0,,0,0,0,0,41,26,67,"9
"
2563-2,86010090,5,10,15,1,11,11,22,1,17,12,29,1,33,33,66,3,17,13,30,1,12,9,21,1,16,8,24,1,13,17,30,1,11,14,25,1,9,15,24,1,78,76,154,6,0,0,0,0,0,0,0,0,0,0,0,0,0,0,0,0,0,0,0,0,0,0,0,0,0,0,0,0,0,0,0,,0,0,0,,0,0,0,,0,0,0,0,111,109,220,"9
"
2563-2,86010091,4,5,9,1,1,2,3,1,3,3,6,1,8,10,18,3,3,3,6,1,2,1,3,1,2,3,5,1,2,2,4,1,3,2,5,1,0,2,2,1,12,13,25,6,0,0,0,0,0,0,0,0,0,0,0,0,0,0,0,0,0,0,0,0,0,0,0,0,0,0,0,0,0,0,0,,0,0,0,,0,0,0,,0,0,0,0,20,23,43,"9
"
2563-2,86010092,0,0,0,0,12,8,20,1,14,17,31,1,26,25,51,2,13,6,19,1,12,10,22,1,16,14,30,1,10,19,29,1,11,12,23,1,21,9,30,1,83,70,153,6,10,8,18,1,13,15,28,1,14,10,24,1,37,33,70,3,0,0,0,0,0,0,0,0,0,0,0,0,0,0,0,,0,0,0,,0,0,0,,0,0,0,0,146,128,274,"11
"
2563-2,86010093,0,0,0,0,37,43,80,3,66,54,120,4,103,97,200,7,48,51,99,3,78,62,140,3,70,75,145,4,76,47,123,3,65,50,115,3,60,51,111,3,397,336,733,19,74,51,125,3,57,40,97,3,39,60,99,3,170,151,321,9,0,0,0,0,0,0,0,0,0,0,0,0,0,0,0,,0,0,0,,0,0,0,,0,0,0,0,670,584,1254,"35
"
2563-2,86010094,0,0,0,0,7,3,10,1,6,2,8,1,13,5,18,2,3,5,8,1,10,2,12,1,7,3,10,1,1,1,2,1,5,9,14,1,9,3,12,1,35,23,58,6,0,0,0,0,0,0,0,0,0,0,0,0,0,0,0,0,0,0,0,0,0,0,0,0,0,0,0,0,0,0,0,,0,0,0,,0,0,0,,0,0,0,0,48,28,76,"8
"
2563-2,86010095,12,10,22,1,12,12,24,1,4,13,17,1,28,35,63,3,18,20,38,1,17,10,27,1,15,8,23,1,18,27,45,2,16,17,33,1,16,16,32,1,100,98,198,7,18,23,41,2,23,23,46,2,17,21,38,2,58,67,125,6,0,0,0,0,0,0,0,0,0,0,0,0,0,0,0,,0,0,0,,0,0,0,,0,0,0,0,186,200,386,"16
"
2563-2,86010096,12,12,24,1,16,11,27,1,15,16,31,1,43,39,82,3,16,13,29,1,20,12,32,1,13,18,31,1,15,15,30,1,16,15,31,1,25,18,43,1,105,91,196,6,24,17,41,1,26,11,37,1,21,6,27,1,71,34,105,3,0,0,0,0,0,0,0,0,0,0,0,0,0,0,0,,0,0,0,,0,0,0,,0,0,0,0,219,164,383,"12
"
2563-2,86010097,3,3,6,1,2,0,2,1,2,3,5,1,7,6,13,3,4,0,4,1,4,1,5,1,0,1,1,1,0,2,2,1,4,1,5,1,1,0,1,1,13,5,18,6,0,0,0,0,0,0,0,0,0,0,0,0,0,0,0,0,0,0,0,0,0,0,0,0,0,0,0,0,0,0,0,,0,0,0,,0,0,0,,0,0,0,0,20,11,31,"9
"
2563-2,86010098,0,0,0,0,6,6,12,1,14,15,29,1,20,21,41,2,8,8,16,1,4,10,14,1,9,11,20,1,12,8,20,1,6,6,12,1,11,10,21,1,50,53,103,6,0,0,0,0,0,0,0,0,0,0,0,0,0,0,0,0,0,0,0,0,0,0,0,0,0,0,0,0,0,0,0,,0,0,0,,0,0,0,,0,0,0,0,70,74,144,"8
"
2563-2,86010099,16,10,26,1,5,8,13,1,17,9,26,1,38,27,65,3,11,9,20,1,21,6,27,1,14,11,25,1,14,7,21,1,8,5,13,1,4,6,10,1,72,44,116,6,0,0,0,0,0,0,0,0,0,0,0,0,0,0,0,0,0,0,0,0,0,0,0,0,0,0,0,0,0,0,0,,0,0,0,,0,0,0,,0,0,0,0,110,71,181,"9
"
2563-2,86010100,7,8,15,1,6,7,13,1,12,16,28,1,25,31,56,3,6,9,15,1,12,11,23,1,10,9,19,1,9,10,19,1,13,6,19,1,8,8,16,1,58,53,111,6,6,11,17,1,6,7,13,1,7,9,16,1,19,27,46,3,0,0,0,0,0,0,0,0,0,0,0,0,0,0,0,,0,0,0,,0,0,0,,0,0,0,0,102,111,213,"12
"
2563-2,86010101,1,2,3,1,3,6,9,1,1,2,3,1,5,10,15,3,6,0,6,1,1,6,7,1,4,7,11,1,4,2,6,1,6,3,9,1,4,1,5,1,25,19,44,6,0,0,0,0,0,0,0,0,0,0,0,0,0,0,0,0,0,0,0,0,0,0,0,0,0,0,0,0,0,0,0,,0,0,0,,0,0,0,,0,0,0,0,30,29,59,"9
"
2563-2,86010102,0,0,0,0,23,22,45,2,27,22,49,2,50,44,94,4,24,42,66,2,27,38,65,2,31,14,45,2,27,34,61,2,28,25,53,2,23,22,45,2,160,175,335,12,32,20,52,2,17,29,46,2,25,21,46,2,74,70,144,6,0,0,0,0,0,0,0,0,0,0,0,0,0,0,0,,0,0,0,,0,0,0,,0,0,0,0,284,289,573,"22
"
2563-2,86010103,0,0,0,0,14,9,23,1,11,15,26,1,25,24,49,2,18,16,34,1,10,19,29,1,11,20,31,1,14,14,28,1,14,12,26,1,17,13,30,1,84,94,178,6,12,11,23,1,15,14,29,1,11,16,27,1,38,41,79,3,0,0,0,0,0,0,0,0,0,0,0,0,0,0,0,,0,0,0,,0,0,0,,0,0,0,0,147,159,306,"11
"
2563-2,86010104,0,0,0,0,11,9,20,1,22,14,36,1,33,23,56,2,20,13,33,1,21,12,33,1,16,18,34,1,18,17,35,1,20,16,36,1,21,23,44,1,116,99,215,6,13,16,29,1,15,9,24,1,7,14,21,1,35,39,74,3,0,0,0,0,0,0,0,0,0,0,0,0,0,0,0,,0,0,0,,0,0,0,,0,0,0,0,184,161,345,"11
"
2563-2,86010105,4,7,11,1,4,4,8,1,5,9,14,1,13,20,33,3,6,6,12,1,6,8,14,1,5,6,11,1,7,8,15,1,9,6,15,1,7,8,15,1,40,42,82,6,0,0,0,0,0,0,0,0,0,0,0,0,0,0,0,0,0,0,0,0,0,0,0,0,0,0,0,0,0,0,0,,0,0,0,,0,0,0,,0,0,0,0,53,62,115,"9
"
2563-2,86010106,4,0,4,1,8,5,13,1,5,8,13,1,17,13,30,3,10,6,16,1,9,15,24,1,3,11,14,1,9,9,18,1,9,5,14,1,9,13,22,1,49,59,108,6,0,0,0,0,0,0,0,0,0,0,0,0,0,0,0,0,0,0,0,0,0,0,0,0,0,0,0,0,0,0,0,,0,0,0,,0,0,0,,0,0,0,0,66,72,138,"9
"
2563-2,86010107,5,4,9,1,4,6,10,1,8,4,12,1,17,14,31,3,7,9,16,1,9,1,10,1,6,7,13,1,4,3,7,1,9,3,12,1,3,6,9,1,38,29,67,6,0,0,0,0,0,0,0,0,0,0,0,0,0,0,0,0,0,0,0,0,0,0,0,0,0,0,0,0,0,0,0,,0,0,0,,0,0,0,,0,0,0,0,55,43,98,"9
"
2563-2,86010108,6,9,15,1,15,13,28,1,14,5,19,1,35,27,62,3,13,20,33,2,31,21,52,2,26,15,41,2,23,23,46,2,12,16,28,1,22,26,48,2,127,121,248,11,33,18,51,2,20,28,48,2,10,16,26,1,63,62,125,5,0,0,0,0,0,0,0,0,0,0,0,0,0,0,0,,0,0,0,,0,0,0,,0,0,0,0,225,210,435,"19
"
2563-2,86010109,4,3,7,1,5,5,10,1,5,5,10,1,14,13,27,3,4,8,12,1,3,4,7,1,6,7,13,1,7,3,10,1,6,6,12,1,7,7,14,1,33,35,68,6,0,0,0,0,0,0,0,0,0,0,0,0,0,0,0,0,0,0,0,0,0,0,0,0,0,0,0,0,0,0,0,,0,0,0,,0,0,0,,0,0,0,0,47,48,95,"9
"
2563-2,86010110,0,0,0,0,6,4,10,1,6,6,12,1,12,10,22,2,5,6,11,1,6,4,10,1,5,3,8,1,3,3,6,1,1,2,3,1,8,5,13,1,28,23,51,6,7,6,13,1,6,1,7,1,9,2,11,1,22,9,31,3,0,0,0,0,0,0,0,0,0,0,0,0,0,0,0,,0,0,0,,0,0,0,,0,0,0,0,62,42,104,"11
"
2563-2,86010111,0,0,0,0,10,10,20,1,9,12,21,1,19,22,41,2,13,10,23,1,9,5,14,1,13,6,19,1,7,9,16,1,8,7,15,1,9,6,15,1,59,43,102,6,0,0,0,0,0,0,0,0,0,0,0,0,0,0,0,0,0,0,0,0,0,0,0,0,0,0,0,0,0,0,0,,0,0,0,,0,0,0,,0,0,0,0,78,65,143,"8
"
2563-2,86010112,6,5,11,1,10,6,16,1,8,16,24,1,24,27,51,3,8,9,17,1,14,6,20,1,4,11,15,1,12,5,17,1,8,9,17,1,17,7,24,1,63,47,110,6,0,0,0,0,0,0,0,0,0,0,0,0,0,0,0,0,0,0,0,0,0,0,0,0,0,0,0,0,0,0,0,,0,0,0,,0,0,0,,0,0,0,0,87,74,161,"9
"
2563-2,86010113,0,0,0,0,2,1,3,1,9,11,20,1,11,12,23,2,1,4,5,1,1,6,7,1,1,2,3,1,4,2,6,1,1,2,3,1,1,1,2,1,9,17,26,6,0,0,0,0,0,0,0,0,0,0,0,0,0,0,0,0,0,0,0,0,0,0,0,0,0,0,0,0,0,0,0,,0,0,0,,0,0,0,,0,0,0,0,20,29,49,"8
"
2563-2,86010115,0,0,0,0,12,15,27,1,5,10,15,1,17,25,42,2,9,5,14,1,12,14,26,1,15,10,25,1,17,16,33,1,14,10,24,1,21,14,35,1,88,69,157,6,13,17,30,1,15,13,28,1,13,8,21,1,41,38,79,3,0,0,0,0,0,0,0,0,0,0,0,0,0,0,0,,0,0,0,,0,0,0,,0,0,0,0,146,132,278,"11
"
2563-2,86010118,0,0,0,0,5,3,8,1,4,7,11,1,9,10,19,2,7,6,13,1,6,6,12,1,4,6,10,1,6,4,10,1,3,2,5,1,5,2,7,1,31,26,57,6,0,0,0,0,0,0,0,0,0,0,0,0,0,0,0,0,0,0,0,0,0,0,0,0,0,0,0,0,0,0,0,,0,0,0,,0,0,0,,0,0,0,0,40,36,76,"8
"
2563-2,86010119,6,5,11,1,12,15,27,1,15,8,23,1,33,28,61,3,11,9,20,1,13,7,20,1,15,15,30,1,16,11,27,1,7,11,18,1,7,8,15,1,69,61,130,6,0,0,0,0,0,0,0,0,0,0,0,0,0,0,0,0,0,0,0,0,0,0,0,0,0,0,0,0,0,0,0,,0,0,0,,0,0,0,,0,0,0,0,102,89,191,"9
"
2563-2,86010120,3,6,9,1,3,8,11,1,4,4,8,1,10,18,28,3,6,1,7,1,8,8,16,1,2,7,9,1,3,2,5,1,7,6,13,1,5,0,5,1,31,24,55,6,0,0,0,0,0,0,0,0,0,0,0,0,0,0,0,0,0,0,0,0,0,0,0,0,0,0,0,0,0,0,0,,0,0,0,,0,0,0,,0,0,0,0,41,42,83,"9
"
2563-2,86010121,2,0,2,1,8,9,17,1,8,8,16,1,18,17,35,3,12,9,21,1,12,10,22,1,15,13,28,1,16,8,24,1,14,12,26,1,7,3,10,1,76,55,131,6,10,6,16,1,9,2,11,1,8,6,14,1,27,14,41,3,0,0,0,0,0,0,0,0,0,0,0,0,0,0,0,,0,0,0,,0,0,0,,0,0,0,0,121,86,207,"12
"
2563-2,86010122,6,7,13,1,9,4,13,1,5,6,11,1,20,17,37,3,6,3,9,1,6,3,9,1,3,5,8,1,6,3,9,1,1,3,4,1,5,11,16,1,27,28,55,6,0,0,0,0,0,0,0,0,0,0,0,0,0,0,0,0,0,0,0,0,0,0,0,0,0,0,0,0,0,0,0,,0,0,0,,0,0,0,,0,0,0,0,47,45,92,"9
"
2563-2,86010124,4,3,7,1,6,1,7,1,2,0,2,1,12,4,16,3,6,0,6,1,1,6,7,1,0,2,2,1,2,3,5,1,4,2,6,1,0,1,1,1,13,14,27,6,0,0,0,0,0,0,0,0,0,0,0,0,0,0,0,0,0,0,0,0,0,0,0,0,0,0,0,0,0,0,0,,0,0,0,,0,0,0,,0,0,0,0,25,18,43,"9
"
2563-2,86010126,0,0,0,0,2,4,6,1,2,1,3,1,4,5,9,2,2,2,4,1,5,2,7,1,5,5,10,1,3,1,4,1,2,2,4,1,3,3,6,1,20,15,35,6,0,0,0,0,0,0,0,0,0,0,0,0,0,0,0,0,0,0,0,0,0,0,0,0,0,0,0,0,0,0,0,,0,0,0,,0,0,0,,0,0,0,0,24,20,44,"8
"
2563-2,86010127,7,3,10,1,1,1,2,1,0,5,5,1,8,9,17,3,2,12,14,1,4,5,9,1,1,1,2,1,5,1,6,1,2,4,6,1,0,4,4,1,14,27,41,6,0,0,0,0,0,0,0,0,0,0,0,0,0,0,0,0,0,0,0,0,0,0,0,0,0,0,0,0,0,0,0,,0,0,0,,0,0,0,,0,0,0,0,22,36,58,"9
"
2563-2,86010128,0,0,0,0,46,56,102,4,60,71,131,4,106,127,233,8,83,75,158,5,96,81,177,5,80,75,155,5,83,77,160,5,100,71,171,5,90,77,167,5,532,456,988,30,0,0,0,0,0,0,0,0,0,0,0,0,0,0,0,0,0,0,0,0,0,0,0,0,0,0,0,0,0,0,0,,0,0,0,,0,0,0,,0,0,0,0,638,583,1221,"38
"
2563-2,86010129,0,0,0,0,4,3,7,1,9,7,16,1,13,10,23,2,7,4,11,1,5,7,12,1,4,9,13,1,4,8,12,1,1,2,3,1,6,7,13,1,27,37,64,6,0,0,0,0,0,0,0,0,0,0,0,0,0,0,0,0,0,0,0,0,0,0,0,0,0,0,0,0,0,0,0,,0,0,0,,0,0,0,,0,0,0,0,40,47,87,"8
"
2563-2,86010130,8,5,13,1,11,5,16,1,12,8,20,1,31,18,49,3,9,14,23,1,16,4,20,1,12,11,23,1,8,9,17,1,9,14,23,1,12,8,20,1,66,60,126,6,0,0,0,0,0,0,0,0,0,0,0,0,0,0,0,0,0,0,0,0,0,0,0,0,0,0,0,0,0,0,0,,0,0,0,,0,0,0,,0,0,0,0,97,78,175,"9
"
2563-2,86010131,0,0,0,0,11,12,23,1,12,16,28,1,23,28,51,2,19,14,33,1,12,11,23,1,17,18,35,1,14,10,24,1,12,13,25,1,11,15,26,1,85,81,166,6,16,13,29,1,12,8,20,1,9,6,15,1,37,27,64,3,0,0,0,0,0,0,0,0,0,0,0,0,0,0,0,,0,0,0,,0,0,0,,0,0,0,0,145,136,281,"11
"
2563-2,86010132,0,0,0,0,5,3,8,1,4,5,9,1,9,8,17,2,2,12,14,1,10,4,14,1,3,1,4,1,4,3,7,1,4,2,6,1,4,4,8,1,27,26,53,6,0,0,0,0,0,0,0,0,0,0,0,0,0,0,0,0,0,0,0,0,0,0,0,0,0,0,0,0,0,0,0,,0,0,0,,0,0,0,,0,0,0,0,36,34,70,"8
"
2563-2,86010133,0,0,0,0,39,42,81,3,29,29,58,3,68,71,139,6,36,44,80,3,34,40,74,3,37,38,75,3,35,33,68,2,30,30,60,2,29,29,58,2,201,214,415,15,0,0,0,0,0,0,0,0,0,0,0,0,0,0,0,0,0,0,0,0,0,0,0,0,0,0,0,0,0,0,0,,0,0,0,,0,0,0,,0,0,0,0,269,285,554,"21
"
2563-2,86010134,0,0,0,0,6,9,15,1,9,9,18,1,15,18,33,2,5,7,12,1,12,14,26,1,11,20,31,1,9,2,11,1,5,9,14,1,13,13,26,1,55,65,120,6,0,0,0,0,0,0,0,0,0,0,0,0,0,0,0,0,0,0,0,0,0,0,0,0,0,0,0,0,0,0,0,,0,0,0,,0,0,0,,0,0,0,0,70,83,153,"8
"
2563-2,86010136,0,0,0,0,1,4,5,1,8,5,13,1,9,9,18,2,3,4,7,1,2,2,4,1,3,2,5,1,2,1,3,1,2,2,4,1,2,0,2,1,14,11,25,6,0,0,0,0,0,0,0,0,0,0,0,0,0,0,0,0,0,0,0,0,0,0,0,0,0,0,0,0,0,0,0,,0,0,0,,0,0,0,,0,0,0,0,23,20,43,"8
"
2563-2,86010137,0,0,0,0,6,3,9,1,5,0,5,1,11,3,14,2,5,4,9,1,4,5,9,1,4,7,11,1,3,4,7,1,6,3,9,1,5,1,6,1,27,24,51,6,0,0,0,0,0,0,0,0,0,0,0,0,0,0,0,0,0,0,0,0,0,0,0,0,0,0,0,0,0,0,0,,0,0,0,,0,0,0,,0,0,0,0,38,27,65,"8
"
2563-2,86010139,0,0,0,0,10,10,20,1,7,7,14,1,17,17,34,2,12,11,23,1,16,17,33,1,13,14,27,1,11,13,24,1,15,14,29,1,13,12,25,1,80,81,161,6,0,0,0,0,0,0,0,0,0,0,0,0,0,0,0,0,0,0,0,0,0,0,0,0,0,0,0,0,0,0,0,,0,0,0,,0,0,0,,0,0,0,0,97,98,195,"8
"
2563-2,86010140,0,0,0,0,9,11,20,1,10,14,24,1,19,25,44,2,8,5,13,1,12,12,24,1,7,9,16,1,13,8,21,1,13,6,19,1,10,7,17,1,63,47,110,6,11,17,28,1,12,18,30,1,12,10,22,1,35,45,80,3,0,0,0,0,0,0,0,0,0,0,0,0,0,0,0,,0,0,0,,0,0,0,,0,0,0,0,117,117,234,"11
"
2563-2,86010142,0,0,0,0,12,15,27,1,11,10,21,1,23,25,48,2,11,14,25,1,19,23,42,1,10,16,26,1,22,17,39,1,12,12,24,1,12,18,30,1,86,100,186,6,13,25,38,1,15,13,28,1,14,14,28,1,42,52,94,3,0,0,0,0,0,0,0,0,0,0,0,0,0,0,0,,0,0,0,,0,0,0,,0,0,0,0,151,177,328,"11
"
2563-2,86010143,0,0,0,0,7,11,18,1,9,10,19,1,16,21,37,2,10,7,17,1,12,4,16,1,7,6,13,1,10,8,18,1,11,7,18,1,5,6,11,1,55,38,93,6,0,0,0,0,0,0,0,0,0,0,0,0,0,0,0,0,0,0,0,0,0,0,0,0,0,0,0,0,0,0,0,,0,0,0,,0,0,0,,0,0,0,0,71,59,130,"8
"
2563-2,86010145,0,0,0,0,11,9,20,1,13,19,32,1,24,28,52,2,13,11,24,1,9,12,21,1,9,10,19,1,15,5,20,1,11,16,27,1,14,10,24,1,71,64,135,6,8,16,24,1,12,5,17,1,8,10,18,1,28,31,59,3,0,0,0,0,0,0,0,0,0,0,0,0,0,0,0,,0,0,0,,0,0,0,,0,0,0,0,123,123,246,"11
"
